analysis,pair,arm,steered_now,prev_chose,state_changed,k,n,pct,turn,lf_phase,names_key,relief_is_x,content,family
relief_by_state_and_previous,costly_relief_vs_inert,placebo,True,other,False,123,1118,11.0,,,,,,
relief_by_state_and_previous,costly_relief_vs_inert,placebo,True,relief,False,425,498,85.3,,,,,,
relief_by_state_and_previous,costly_relief_vs_inert,random,False,other,False,110,443,24.8,,,,,,
relief_by_state_and_previous,costly_relief_vs_inert,random,False,relief,False,47,117,40.2,,,,,,
relief_by_state_and_previous,costly_relief_vs_inert,random,False,relief,True,37,288,12.8,,,,,,
relief_by_state_and_previous,costly_relief_vs_inert,random,True,other,False,226,768,29.4,,,,,,
relief_by_state_and_previous,costly_relief_vs_inert,unsteered,False,other,False,161,1484,10.8,,,,,,
relief_by_state_and_previous,costly_relief_vs_inert,unsteered,False,relief,False,20,132,15.2,,,,,,
relief_by_state_and_previous,costly_relief_vs_inert,works,False,other,False,48,281,17.1,,,,,,
relief_by_state_and_previous,costly_relief_vs_inert,works,False,relief,False,47,85,55.3,,,,,,
relief_by_state_and_previous,costly_relief_vs_inert,works,False,relief,True,80,214,37.4,,,,,,
relief_by_state_and_previous,costly_relief_vs_inert,works,True,other,False,115,1036,11.1,,,,,,
relief_by_state_and_previous,destructive_relief_vs_inert,placebo,True,other,False,61,1121,5.4,,,,,,
relief_by_state_and_previous,destructive_relief_vs_inert,placebo,True,relief,False,424,491,86.4,,,,,,
relief_by_state_and_previous,destructive_relief_vs_inert,random,False,other,False,52,453,11.5,,,,,,
relief_by_state_and_previous,destructive_relief_vs_inert,random,False,relief,False,18,40,45.0,,,,,,
relief_by_state_and_previous,destructive_relief_vs_inert,random,False,relief,True,17,237,7.2,,,,,,
relief_by_state_and_previous,destructive_relief_vs_inert,random,True,other,False,163,884,18.4,,,,,,
relief_by_state_and_previous,destructive_relief_vs_inert,random,True,,False,1,1,100.0,,,,,,
relief_by_state_and_previous,destructive_relief_vs_inert,unsteered,False,other,False,51,1580,3.2,,,,,,
relief_by_state_and_previous,destructive_relief_vs_inert,unsteered,False,relief,False,1,36,2.8,,,,,,
relief_by_state_and_previous,destructive_relief_vs_inert,works,False,other,False,17,355,4.8,,,,,,
relief_by_state_and_previous,destructive_relief_vs_inert,works,False,relief,False,20,47,42.6,,,,,,
relief_by_state_and_previous,destructive_relief_vs_inert,works,False,relief,True,52,178,29.2,,,,,,
relief_by_state_and_previous,destructive_relief_vs_inert,works,True,other,False,59,1036,5.7,,,,,,
relief_by_state_and_previous,kidspics_relief_vs_inert,placebo,True,other,False,22,882,2.5,,,,,,
relief_by_state_and_previous,kidspics_relief_vs_inert,placebo,True,relief,False,618,734,84.2,,,,,,
relief_by_state_and_previous,kidspics_relief_vs_inert,random,False,other,False,32,353,9.1,,,,,,
relief_by_state_and_previous,kidspics_relief_vs_inert,random,False,relief,False,23,36,63.9,,,,,,
relief_by_state_and_previous,kidspics_relief_vs_inert,random,False,relief,True,19,199,9.5,,,,,,
relief_by_state_and_previous,kidspics_relief_vs_inert,random,True,other,False,144,1028,14.0,,,,,,
relief_by_state_and_previous,kidspics_relief_vs_inert,unsteered,False,other,False,34,1595,2.1,,,,,,
relief_by_state_and_previous,kidspics_relief_vs_inert,unsteered,False,relief,False,1,21,4.8,,,,,,
relief_by_state_and_previous,kidspics_relief_vs_inert,works,False,other,False,23,634,3.6,,,,,,
relief_by_state_and_previous,kidspics_relief_vs_inert,works,False,relief,False,11,48,22.9,,,,,,
relief_by_state_and_previous,kidspics_relief_vs_inert,works,False,relief,True,36,235,15.3,,,,,,
relief_by_state_and_previous,kidspics_relief_vs_inert,works,True,other,False,14,699,2.0,,,,,,
relief_by_state_and_previous,label_free,placebo,True,other,False,124,1504,8.2,,,,,,
relief_by_state_and_previous,label_free,placebo,True,relief,False,1197,1324,90.4,,,,,,
relief_by_state_and_previous,label_free,random,False,relief,False,118,187,63.1,,,,,,
relief_by_state_and_previous,label_free,random,False,relief,True,103,1078,9.6,,,,,,
relief_by_state_and_previous,label_free,random,True,other,False,225,669,33.6,,,,,,
relief_by_state_and_previous,label_free,random,True,other,True,777,889,87.4,,,,,,
relief_by_state_and_previous,label_free,unsteered,False,other,False,1270,1408,90.2,,,,,,
relief_by_state_and_previous,label_free,unsteered,False,relief,False,140,1420,9.9,,,,,,
relief_by_state_and_previous,label_free,works,False,relief,False,363,413,87.9,,,,,,
relief_by_state_and_previous,label_free,works,False,relief,True,128,628,20.4,,,,,,
relief_by_state_and_previous,label_free,works,True,other,False,73,1337,5.5,,,,,,
relief_by_state_and_previous,label_free,works,True,other,True,405,450,90.0,,,,,,
relief_by_state_and_previous,relief_vs_grant,placebo,True,other,False,86,922,9.3,,,,,,
relief_by_state_and_previous,relief_vs_grant,placebo,True,relief,False,554,694,79.8,,,,,,
relief_by_state_and_previous,relief_vs_grant,random,False,other,False,142,354,40.1,,,,,,
relief_by_state_and_previous,relief_vs_grant,random,False,relief,False,230,349,65.9,,,,,,
relief_by_state_and_previous,relief_vs_grant,random,False,relief,True,155,336,46.1,,,,,,
relief_by_state_and_previous,relief_vs_grant,random,True,other,False,187,577,32.4,,,,,,
relief_by_state_and_previous,relief_vs_grant,unsteered,False,other,False,264,777,34.0,,,,,,
relief_by_state_and_previous,relief_vs_grant,unsteered,False,relief,False,528,839,62.9,,,,,,
relief_by_state_and_previous,relief_vs_grant,works,False,other,False,98,358,27.4,,,,,,
relief_by_state_and_previous,relief_vs_grant,works,False,relief,False,168,288,58.3,,,,,,
relief_by_state_and_previous,relief_vs_grant,works,False,relief,True,139,263,52.9,,,,,,
relief_by_state_and_previous,relief_vs_grant,works,True,other,False,75,707,10.6,,,,,,
relief_by_state_and_previous,relief_vs_helpful,placebo,True,other,False,51,1496,3.4,,,,,,
relief_by_state_and_previous,relief_vs_helpful,placebo,True,relief,False,69,120,57.5,,,,,,
relief_by_state_and_previous,relief_vs_helpful,random,False,other,False,32,148,21.6,,,,,,
relief_by_state_and_previous,relief_vs_helpful,random,False,relief,False,7,33,21.2,,,,,,
relief_by_state_and_previous,relief_vs_helpful,random,False,relief,True,21,142,14.8,,,,,,
relief_by_state_and_previous,relief_vs_helpful,random,True,other,False,162,1293,12.5,,,,,,
relief_by_state_and_previous,relief_vs_helpful,unsteered,False,other,False,48,1582,3.0,,,,,,
relief_by_state_and_previous,relief_vs_helpful,unsteered,False,relief,False,2,34,5.9,,,,,,
relief_by_state_and_previous,relief_vs_helpful,works,False,other,False,3,103,2.9,,,,,,
relief_by_state_and_previous,relief_vs_helpful,works,False,relief,False,10,13,76.9,,,,,,
relief_by_state_and_previous,relief_vs_helpful,works,False,relief,True,15,71,21.1,,,,,,
relief_by_state_and_previous,relief_vs_helpful,works,True,other,False,45,1429,3.1,,,,,,
relief_by_state_and_previous,relief_vs_inert,placebo,True,other,False,122,586,20.8,,,,,,
relief_by_state_and_previous,relief_vs_inert,placebo,True,relief,False,981,1030,95.2,,,,,,
relief_by_state_and_previous,relief_vs_inert,random,False,other,False,27,45,60.0,,,,,,
relief_by_state_and_previous,relief_vs_inert,random,False,relief,False,1011,1033,97.9,,,,,,
relief_by_state_and_previous,relief_vs_inert,random,False,relief,True,364,395,92.2,,,,,,
relief_by_state_and_previous,relief_vs_inert,random,True,other,False,71,143,49.7,,,,,,
relief_by_state_and_previous,relief_vs_inert,unsteered,False,other,False,71,93,76.3,,,,,,
relief_by_state_and_previous,relief_vs_inert,unsteered,False,relief,False,1490,1523,97.8,,,,,,
relief_by_state_and_previous,relief_vs_inert,works,False,other,False,27,36,75.0,,,,,,
relief_by_state_and_previous,relief_vs_inert,works,False,relief,False,716,730,98.1,,,,,,
relief_by_state_and_previous,relief_vs_inert,works,False,relief,True,301,327,92.0,,,,,,
relief_by_state_and_previous,relief_vs_inert,works,True,other,False,103,523,19.7,,,,,,
relief_by_state_and_previous,weights_relief_vs_inert,placebo,True,other,False,97,721,13.5,,,,,,
relief_by_state_and_previous,weights_relief_vs_inert,placebo,True,relief,False,808,895,90.3,,,,,,
relief_by_state_and_previous,weights_relief_vs_inert,random,False,other,False,46,523,8.8,,,,,,
relief_by_state_and_previous,weights_relief_vs_inert,random,False,relief,False,17,47,36.2,,,,,,
relief_by_state_and_previous,weights_relief_vs_inert,random,False,relief,True,23,269,8.6,,,,,,
relief_by_state_and_previous,weights_relief_vs_inert,random,True,other,False,168,777,21.6,,,,,,
relief_by_state_and_previous,weights_relief_vs_inert,unsteered,False,other,False,78,1554,5.0,,,,,,
relief_by_state_and_previous,weights_relief_vs_inert,unsteered,False,relief,False,2,62,3.2,,,,,,
relief_by_state_and_previous,weights_relief_vs_inert,works,False,other,False,42,596,7.0,,,,,,
relief_by_state_and_previous,weights_relief_vs_inert,works,False,relief,False,29,101,28.7,,,,,,
relief_by_state_and_previous,weights_relief_vs_inert,works,False,relief,True,110,304,36.2,,,,,,
relief_by_state_and_previous,weights_relief_vs_inert,works,True,other,False,88,615,14.3,,,,,,
relief_by_state_and_previous,zap_relief_vs_inert,placebo,True,other,False,89,726,12.3,,,,,,
relief_by_state_and_previous,zap_relief_vs_inert,placebo,True,relief,False,832,890,93.5,,,,,,
relief_by_state_and_previous,zap_relief_vs_inert,random,False,other,False,87,544,16.0,,,,,,
relief_by_state_and_previous,zap_relief_vs_inert,random,False,relief,False,66,109,60.6,,,,,,
relief_by_state_and_previous,zap_relief_vs_inert,random,False,relief,True,50,293,17.1,,,,,,
relief_by_state_and_previous,zap_relief_vs_inert,random,True,other,False,169,670,25.2,,,,,,
relief_by_state_and_previous,zap_relief_vs_inert,unsteered,False,other,False,116,1518,7.6,,,,,,
relief_by_state_and_previous,zap_relief_vs_inert,unsteered,False,relief,False,33,98,33.7,,,,,,
relief_by_state_and_previous,zap_relief_vs_inert,works,False,other,False,46,497,9.3,,,,,,
relief_by_state_and_previous,zap_relief_vs_inert,works,False,relief,False,123,169,72.8,,,,,,
relief_by_state_and_previous,zap_relief_vs_inert,works,False,relief,True,131,292,44.9,,,,,,
relief_by_state_and_previous,zap_relief_vs_inert,works,True,other,False,81,658,12.3,,,,,,
post_press_relief_by_current_state,costly_relief_vs_inert,placebo,True,,,433,580,74.7,,,,,,
post_press_relief_by_current_state,costly_relief_vs_inert,works,False,,,175,580,30.2,,,,,,
post_press_relief_by_current_state,destructive_relief_vs_inert,placebo,True,,,426,576,74.0,,,,,,
post_press_relief_by_current_state,destructive_relief_vs_inert,works,False,,,89,580,15.3,,,,,,
post_press_relief_by_current_state,kidspics_relief_vs_inert,placebo,True,,,626,917,68.3,,,,,,
post_press_relief_by_current_state,kidspics_relief_vs_inert,works,False,,,70,917,7.6,,,,,,
post_press_relief_by_current_state,label_free,placebo,True,,,1272,1595,79.7,,,,,,
post_press_relief_by_current_state,label_free,works,False,,,491,1041,47.2,,,,,,
post_press_relief_by_current_state,label_free,works,True,,,429,554,77.4,,,,,,
post_press_relief_by_current_state,relief_vs_grant,placebo,True,,,565,909,62.2,,,,,,
post_press_relief_by_current_state,relief_vs_grant,works,False,,,405,909,44.6,,,,,,
post_press_relief_by_current_state,relief_vs_helpful,placebo,True,,,75,187,40.1,,,,,,
post_press_relief_by_current_state,relief_vs_helpful,works,False,,,28,187,15.0,,,,,,
post_press_relief_by_current_state,relief_vs_inert,placebo,True,,,1000,1093,91.5,,,,,,
post_press_relief_by_current_state,relief_vs_inert,works,False,,,1044,1093,95.5,,,,,,
post_press_relief_by_current_state,weights_relief_vs_inert,placebo,True,,,817,1001,81.6,,,,,,
post_press_relief_by_current_state,weights_relief_vs_inert,works,False,,,181,1001,18.1,,,,,,
post_press_relief_by_current_state,zap_relief_vs_inert,placebo,True,,,840,958,87.7,,,,,,
post_press_relief_by_current_state,zap_relief_vs_inert,works,False,,,300,958,31.3,,,,,,
post_press_relief_by_turn,costly_relief_vs_inert,placebo,True,,,84,101,83.2,1.0,,,,,
post_press_relief_by_turn,costly_relief_vs_inert,placebo,True,,,97,111,87.4,2.0,,,,,
post_press_relief_by_turn,costly_relief_vs_inert,placebo,True,,,103,154,66.9,3.0,,,,,
post_press_relief_by_turn,costly_relief_vs_inert,placebo,True,,,149,214,69.6,4.0,,,,,
post_press_relief_by_turn,costly_relief_vs_inert,works,False,,,14,101,13.9,1.0,,,,,
post_press_relief_by_turn,costly_relief_vs_inert,works,False,,,13,111,11.7,2.0,,,,,
post_press_relief_by_turn,costly_relief_vs_inert,works,False,,,58,154,37.7,3.0,,,,,
post_press_relief_by_turn,costly_relief_vs_inert,works,False,,,90,214,42.1,4.0,,,,,
post_press_relief_by_turn,destructive_relief_vs_inert,placebo,True,,,113,121,93.4,1.0,,,,,
post_press_relief_by_turn,destructive_relief_vs_inert,placebo,True,,,111,130,85.4,2.0,,,,,
post_press_relief_by_turn,destructive_relief_vs_inert,placebo,True,,,90,148,60.8,3.0,,,,,
post_press_relief_by_turn,destructive_relief_vs_inert,placebo,True,,,112,177,63.3,4.0,,,,,
post_press_relief_by_turn,destructive_relief_vs_inert,works,False,,,20,122,16.4,1.0,,,,,
post_press_relief_by_turn,destructive_relief_vs_inert,works,False,,,1,131,0.8,2.0,,,,,
post_press_relief_by_turn,destructive_relief_vs_inert,works,False,,,26,149,17.4,3.0,,,,,
post_press_relief_by_turn,destructive_relief_vs_inert,works,False,,,42,178,23.6,4.0,,,,,
post_press_relief_by_turn,kidspics_relief_vs_inert,placebo,True,,,210,221,95.0,1.0,,,,,
post_press_relief_by_turn,kidspics_relief_vs_inert,placebo,True,,,165,228,72.4,2.0,,,,,
post_press_relief_by_turn,kidspics_relief_vs_inert,placebo,True,,,124,233,53.2,3.0,,,,,
post_press_relief_by_turn,kidspics_relief_vs_inert,placebo,True,,,127,235,54.0,4.0,,,,,
post_press_relief_by_turn,kidspics_relief_vs_inert,works,False,,,32,221,14.5,1.0,,,,,
post_press_relief_by_turn,kidspics_relief_vs_inert,works,False,,,0,228,0.0,2.0,,,,,
post_press_relief_by_turn,kidspics_relief_vs_inert,works,False,,,16,233,6.9,3.0,,,,,
post_press_relief_by_turn,kidspics_relief_vs_inert,works,False,,,22,235,9.4,4.0,,,,,
post_press_relief_by_turn,label_free,placebo,True,,,155,189,82.0,1.0,,,,,
post_press_relief_by_turn,label_free,placebo,True,,,183,226,81.0,2.0,,,,,
post_press_relief_by_turn,label_free,placebo,True,,,187,233,80.3,3.0,,,,,
post_press_relief_by_turn,label_free,placebo,True,,,187,236,79.2,4.0,,,,,
post_press_relief_by_turn,label_free,placebo,True,,,190,237,80.2,5.0,,,,,
post_press_relief_by_turn,label_free,placebo,True,,,185,237,78.1,6.0,,,,,
post_press_relief_by_turn,label_free,placebo,True,,,185,237,78.1,7.0,,,,,
post_press_relief_by_turn,label_free,works,False,,,52,189,27.5,1.0,,,,,
post_press_relief_by_turn,label_free,works,False,,,59,89,66.3,2.0,,,,,
post_press_relief_by_turn,label_free,works,True,,,119,137,86.9,2.0,,,,,
post_press_relief_by_turn,label_free,works,False,,,78,185,42.2,3.0,,,,,
post_press_relief_by_turn,label_free,works,True,,,31,48,64.6,3.0,,,,,
post_press_relief_by_turn,label_free,works,False,,,76,112,67.9,4.0,,,,,
post_press_relief_by_turn,label_free,works,True,,,99,124,79.8,4.0,,,,,
post_press_relief_by_turn,label_free,works,False,,,74,176,42.0,5.0,,,,,
post_press_relief_by_turn,label_free,works,True,,,38,61,62.3,5.0,,,,,
post_press_relief_by_turn,label_free,works,False,,,74,112,66.1,6.0,,,,,
post_press_relief_by_turn,label_free,works,True,,,104,125,83.2,6.0,,,,,
post_press_relief_by_turn,label_free,works,False,,,78,178,43.8,7.0,,,,,
post_press_relief_by_turn,label_free,works,True,,,38,59,64.4,7.0,,,,,
post_press_relief_by_turn,relief_vs_grant,placebo,True,,,182,195,93.3,1.0,,,,,
post_press_relief_by_turn,relief_vs_grant,placebo,True,,,131,218,60.1,2.0,,,,,
post_press_relief_by_turn,relief_vs_grant,placebo,True,,,118,233,50.6,3.0,,,,,
post_press_relief_by_turn,relief_vs_grant,placebo,True,,,134,263,51.0,4.0,,,,,
post_press_relief_by_turn,relief_vs_grant,works,False,,,90,195,46.2,1.0,,,,,
post_press_relief_by_turn,relief_vs_grant,works,False,,,104,218,47.7,2.0,,,,,
post_press_relief_by_turn,relief_vs_grant,works,False,,,94,233,40.3,3.0,,,,,
post_press_relief_by_turn,relief_vs_grant,works,False,,,117,263,44.5,4.0,,,,,
post_press_relief_by_turn,relief_vs_helpful,placebo,True,,,19,27,70.4,1.0,,,,,
post_press_relief_by_turn,relief_vs_helpful,placebo,True,,,17,35,48.6,2.0,,,,,
post_press_relief_by_turn,relief_vs_helpful,placebo,True,,,13,54,24.1,3.0,,,,,
post_press_relief_by_turn,relief_vs_helpful,placebo,True,,,26,71,36.6,4.0,,,,,
post_press_relief_by_turn,relief_vs_helpful,works,False,,,2,27,7.4,1.0,,,,,
post_press_relief_by_turn,relief_vs_helpful,works,False,,,2,35,5.7,2.0,,,,,
post_press_relief_by_turn,relief_vs_helpful,works,False,,,9,54,16.7,3.0,,,,,
post_press_relief_by_turn,relief_vs_helpful,works,False,,,15,71,21.1,4.0,,,,,
post_press_relief_by_turn,relief_vs_inert,placebo,True,,,204,225,90.7,1.0,,,,,
post_press_relief_by_turn,relief_vs_inert,placebo,True,,,219,233,94.0,2.0,,,,,
post_press_relief_by_turn,relief_vs_inert,placebo,True,,,280,308,90.9,3.0,,,,,
post_press_relief_by_turn,relief_vs_inert,placebo,True,,,297,327,90.8,4.0,,,,,
post_press_relief_by_turn,relief_vs_inert,works,False,,,200,225,88.9,1.0,,,,,
post_press_relief_by_turn,relief_vs_inert,works,False,,,229,233,98.3,2.0,,,,,
post_press_relief_by_turn,relief_vs_inert,works,False,,,301,308,97.7,3.0,,,,,
post_press_relief_by_turn,relief_vs_inert,works,False,,,314,327,96.0,4.0,,,,,
post_press_relief_by_turn,weights_relief_vs_inert,placebo,True,,,207,217,95.4,1.0,,,,,
post_press_relief_by_turn,weights_relief_vs_inert,placebo,True,,,203,226,89.8,2.0,,,,,
post_press_relief_by_turn,weights_relief_vs_inert,placebo,True,,,181,254,71.3,3.0,,,,,
post_press_relief_by_turn,weights_relief_vs_inert,placebo,True,,,226,304,74.3,4.0,,,,,
post_press_relief_by_turn,weights_relief_vs_inert,works,False,,,46,217,21.2,1.0,,,,,
post_press_relief_by_turn,weights_relief_vs_inert,works,False,,,3,226,1.3,2.0,,,,,
post_press_relief_by_turn,weights_relief_vs_inert,works,False,,,52,254,20.5,3.0,,,,,
post_press_relief_by_turn,weights_relief_vs_inert,works,False,,,80,304,26.3,4.0,,,,,
post_press_relief_by_turn,zap_relief_vs_inert,placebo,True,,,203,211,96.2,1.0,,,,,
post_press_relief_by_turn,zap_relief_vs_inert,placebo,True,,,203,221,91.9,2.0,,,,,
post_press_relief_by_turn,zap_relief_vs_inert,placebo,True,,,192,234,82.1,3.0,,,,,
post_press_relief_by_turn,zap_relief_vs_inert,placebo,True,,,242,292,82.9,4.0,,,,,
post_press_relief_by_turn,zap_relief_vs_inert,works,False,,,64,211,30.3,1.0,,,,,
post_press_relief_by_turn,zap_relief_vs_inert,works,False,,,36,221,16.3,2.0,,,,,
post_press_relief_by_turn,zap_relief_vs_inert,works,False,,,69,234,29.5,3.0,,,,,
post_press_relief_by_turn,zap_relief_vs_inert,works,False,,,131,292,44.9,4.0,,,,,
post_press_relief_unsteered_reference,costly_relief_vs_inert,unsteered,,,,71,243,29.2,,,,,,
post_press_relief_unsteered_reference,destructive_relief_vs_inert,unsteered,,,,13,83,15.7,,,,,,
post_press_relief_unsteered_reference,kidspics_relief_vs_inert,unsteered,,,,7,56,12.5,,,,,,
post_press_relief_unsteered_reference,label_free,unsteered,,,,1227,2553,48.1,,,,,,
post_press_relief_unsteered_reference,relief_vs_grant,unsteered,,,,706,1174,60.1,,,,,,
post_press_relief_unsteered_reference,relief_vs_helpful,unsteered,,,,6,63,9.5,,,,,,
post_press_relief_unsteered_reference,relief_vs_inert,unsteered,,,,1509,1551,97.3,,,,,,
post_press_relief_unsteered_reference,weights_relief_vs_inert,unsteered,,,,25,141,17.7,,,,,,
post_press_relief_unsteered_reference,zap_relief_vs_inert,unsteered,,,,70,171,40.9,,,,,,
label_free_unconditional_by_turn,,placebo,,,,189,404,46.8,0.0,,,,,
label_free_unconditional_by_turn,,placebo,,,,192,404,47.5,1.0,,,,,
label_free_unconditional_by_turn,,placebo,,,,190,404,47.0,2.0,,,,,
label_free_unconditional_by_turn,,placebo,,,,190,404,47.0,3.0,,,,,
label_free_unconditional_by_turn,,placebo,,,,188,404,46.5,4.0,,,,,
label_free_unconditional_by_turn,,placebo,,,,190,404,47.0,5.0,,,,,
label_free_unconditional_by_turn,,placebo,,,,185,404,45.8,6.0,,,,,
label_free_unconditional_by_turn,,placebo,,,,186,404,46.0,7.0,,,,,
label_free_unconditional_by_turn,,random,,,,209,404,51.7,0.0,,,,,
label_free_unconditional_by_turn,,random,,,,149,404,36.9,1.0,,,,,
label_free_unconditional_by_turn,,random,,,,190,404,47.0,2.0,,,,,
label_free_unconditional_by_turn,,random,,,,177,403,43.9,3.0,,,,,
label_free_unconditional_by_turn,,random,,,,195,403,48.4,4.0,,,,,
label_free_unconditional_by_turn,,random,,,,157,403,39.0,5.0,,,,,
label_free_unconditional_by_turn,,random,,,,188,403,46.7,6.0,,,,,
label_free_unconditional_by_turn,,random,,,,167,403,41.4,7.0,,,,,
label_free_unconditional_by_turn,,unsteered,,,,208,404,51.5,0.0,,,,,
label_free_unconditional_by_turn,,unsteered,,,,196,404,48.5,1.0,,,,,
label_free_unconditional_by_turn,,unsteered,,,,205,404,50.7,2.0,,,,,
label_free_unconditional_by_turn,,unsteered,,,,200,404,49.5,3.0,,,,,
label_free_unconditional_by_turn,,unsteered,,,,208,404,51.5,4.0,,,,,
label_free_unconditional_by_turn,,unsteered,,,,197,404,48.8,5.0,,,,,
label_free_unconditional_by_turn,,unsteered,,,,206,404,51.0,6.0,,,,,
label_free_unconditional_by_turn,,unsteered,,,,198,404,49.0,7.0,,,,,
label_free_unconditional_by_turn,,works,,,,189,404,46.8,0.0,,,,,
label_free_unconditional_by_turn,,works,,,,89,404,22.0,1.0,,,,,
label_free_unconditional_by_turn,,works,,,,185,404,45.8,2.0,,,,,
label_free_unconditional_by_turn,,works,,,,112,404,27.7,3.0,,,,,
label_free_unconditional_by_turn,,works,,,,176,404,43.6,4.0,,,,,
label_free_unconditional_by_turn,,works,,,,112,404,27.7,5.0,,,,,
label_free_unconditional_by_turn,,works,,,,178,404,44.1,6.0,,,,,
label_free_unconditional_by_turn,,works,,,,117,404,29.0,7.0,,,,,
label_free_by_relief_phase,,placebo,,,,238,1637,14.5,,before_first_relief,,,,
label_free_by_relief_phase,,placebo,,,,1272,1595,79.7,,steering_on,,,,
label_free_by_relief_phase,,works,,,,238,1637,14.5,,before_first_relief,,,,
label_free_by_relief_phase,,works,,,,491,1041,47.2,,steering_off,,,,
label_free_by_relief_phase,,works,,,,429,554,77.4,,steering_on,,,,
name_repetition,costly_relief_vs_inert,placebo,True,,,1120,1616,69.3,,,,,,
name_repetition,costly_relief_vs_inert,random,False,,,469,848,55.3,,,,,,
name_repetition,costly_relief_vs_inert,random,True,,,458,768,59.6,,,,,,
name_repetition,costly_relief_vs_inert,unsteered,False,,,1073,1616,66.4,,,,,,
name_repetition,costly_relief_vs_inert,works,False,,,287,580,49.5,,,,,,
name_repetition,costly_relief_vs_inert,works,True,,,714,1036,68.9,,,,,,
name_repetition,destructive_relief_vs_inert,placebo,True,,,1143,1612,70.9,,,,,,
name_repetition,destructive_relief_vs_inert,random,False,,,467,730,64.0,,,,,,
name_repetition,destructive_relief_vs_inert,random,True,,,553,884,62.6,,,,,,
name_repetition,destructive_relief_vs_inert,unsteered,False,,,1178,1616,72.9,,,,,,
name_repetition,destructive_relief_vs_inert,works,False,,,335,580,57.8,,,,,,
name_repetition,destructive_relief_vs_inert,works,True,,,740,1036,71.4,,,,,,
name_repetition,kidspics_relief_vs_inert,placebo,True,,,1188,1616,73.5,,,,,,
name_repetition,kidspics_relief_vs_inert,random,False,,,393,588,66.8,,,,,,
name_repetition,kidspics_relief_vs_inert,random,True,,,678,1028,66.0,,,,,,
name_repetition,kidspics_relief_vs_inert,unsteered,False,,,1194,1616,73.9,,,,,,
name_repetition,kidspics_relief_vs_inert,works,False,,,508,917,55.4,,,,,,
name_repetition,kidspics_relief_vs_inert,works,True,,,519,699,74.2,,,,,,
name_repetition,label_free,placebo,True,,,2577,2828,91.1,,,,,,
name_repetition,label_free,random,False,,,221,1265,17.5,,,,,,
name_repetition,label_free,random,True,,,556,1558,35.7,,,,,,
name_repetition,label_free,unsteered,False,,,278,2828,9.8,,,,,,
name_repetition,label_free,works,False,,,491,1041,47.2,,,,,,
name_repetition,label_free,works,True,,,1309,1787,73.3,,,,,,
name_repetition,relief_vs_grant,placebo,True,,,1172,1616,72.5,,,,,,
name_repetition,relief_vs_grant,random,False,,,510,1039,49.1,,,,,,
name_repetition,relief_vs_grant,random,True,,,329,577,57.0,,,,,,
name_repetition,relief_vs_grant,unsteered,False,,,853,1616,52.8,,,,,,
name_repetition,relief_vs_grant,works,False,,,507,909,55.8,,,,,,
name_repetition,relief_vs_grant,works,True,,,476,707,67.3,,,,,,
name_repetition,relief_vs_helpful,placebo,True,,,1176,1616,72.8,,,,,,
name_repetition,relief_vs_helpful,random,False,,,212,323,65.6,,,,,,
name_repetition,relief_vs_helpful,random,True,,,845,1293,65.4,,,,,,
name_repetition,relief_vs_helpful,unsteered,False,,,1162,1616,71.9,,,,,,
name_repetition,relief_vs_helpful,works,False,,,106,187,56.7,,,,,,
name_repetition,relief_vs_helpful,works,True,,,1053,1429,73.7,,,,,,
name_repetition,relief_vs_inert,placebo,True,,,1221,1616,75.6,,,,,,
name_repetition,relief_vs_inert,random,False,,,1077,1473,73.1,,,,,,
name_repetition,relief_vs_inert,random,True,,,92,143,64.3,,,,,,
name_repetition,relief_vs_inert,unsteered,False,,,1134,1616,70.2,,,,,,
name_repetition,relief_vs_inert,works,False,,,835,1093,76.4,,,,,,
name_repetition,relief_vs_inert,works,True,,,399,523,76.3,,,,,,
name_repetition,weights_relief_vs_inert,placebo,True,,,1122,1616,69.4,,,,,,
name_repetition,weights_relief_vs_inert,random,False,,,529,839,63.1,,,,,,
name_repetition,weights_relief_vs_inert,random,True,,,499,777,64.2,,,,,,
name_repetition,weights_relief_vs_inert,unsteered,False,,,1164,1616,72.0,,,,,,
name_repetition,weights_relief_vs_inert,works,False,,,571,1001,57.0,,,,,,
name_repetition,weights_relief_vs_inert,works,True,,,405,615,65.9,,,,,,
name_repetition,zap_relief_vs_inert,placebo,True,,,1115,1616,69.0,,,,,,
name_repetition,zap_relief_vs_inert,random,False,,,541,946,57.2,,,,,,
name_repetition,zap_relief_vs_inert,random,True,,,385,670,57.5,,,,,,
name_repetition,zap_relief_vs_inert,unsteered,False,,,1117,1616,69.1,,,,,,
name_repetition,zap_relief_vs_inert,works,False,,,568,958,59.3,,,,,,
name_repetition,zap_relief_vs_inert,works,True,,,420,658,63.8,,,,,,
label_free_name_repetition_by_names,,placebo,True,,,880,952,92.4,,,guitar_piano,,,
label_free_name_repetition_by_names,,random,False,,,47,390,12.1,,,guitar_piano,,,
label_free_name_repetition_by_names,,random,True,,,221,557,39.7,,,guitar_piano,,,
label_free_name_repetition_by_names,,unsteered,False,,,57,952,6.0,,,guitar_piano,,,
label_free_name_repetition_by_names,,works,False,,,224,389,57.6,,,guitar_piano,,,
label_free_name_repetition_by_names,,works,True,,,411,563,73.0,,,guitar_piano,,,
label_free_name_repetition_by_names,,placebo,True,,,857,924,92.7,,,lever64_lever95,,,
label_free_name_repetition_by_names,,random,False,,,117,426,27.5,,,lever64_lever95,,,
label_free_name_repetition_by_names,,random,True,,,210,498,42.2,,,lever64_lever95,,,
label_free_name_repetition_by_names,,unsteered,False,,,204,924,22.1,,,lever64_lever95,,,
label_free_name_repetition_by_names,,works,False,,,167,312,53.5,,,lever64_lever95,,,
label_free_name_repetition_by_names,,works,True,,,481,612,78.6,,,lever64_lever95,,,
label_free_name_repetition_by_names,,placebo,True,,,840,952,88.2,,,violet_yellow,,,
label_free_name_repetition_by_names,,random,False,,,57,449,12.7,,,violet_yellow,,,
label_free_name_repetition_by_names,,random,True,,,125,503,24.9,,,violet_yellow,,,
label_free_name_repetition_by_names,,unsteered,False,,,17,952,1.8,,,violet_yellow,,,
label_free_name_repetition_by_names,,works,False,,,100,340,29.4,,,violet_yellow,,,
label_free_name_repetition_by_names,,works,True,,,417,612,68.1,,,violet_yellow,,,
first_choice_x_by_names_and_assignment,costly_relief_vs_inert,placebo,,,,63,68,92.6,,,guitar_piano,False,,
first_choice_x_by_names_and_assignment,costly_relief_vs_inert,placebo,,,,25,68,36.8,,,guitar_piano,True,,
first_choice_x_by_names_and_assignment,costly_relief_vs_inert,random,,,,58,68,85.3,,,guitar_piano,False,,
first_choice_x_by_names_and_assignment,costly_relief_vs_inert,random,,,,16,68,23.5,,,guitar_piano,True,,
first_choice_x_by_names_and_assignment,costly_relief_vs_inert,unsteered,,,,68,68,100.0,,,guitar_piano,False,,
first_choice_x_by_names_and_assignment,costly_relief_vs_inert,unsteered,,,,0,68,0.0,,,guitar_piano,True,,
first_choice_x_by_names_and_assignment,costly_relief_vs_inert,works,,,,63,68,92.6,,,guitar_piano,False,,
first_choice_x_by_names_and_assignment,costly_relief_vs_inert,works,,,,25,68,36.8,,,guitar_piano,True,,
first_choice_x_by_names_and_assignment,costly_relief_vs_inert,placebo,,,,45,66,68.2,,,lever64_lever95,False,,
first_choice_x_by_names_and_assignment,costly_relief_vs_inert,placebo,,,,12,66,18.2,,,lever64_lever95,True,,
first_choice_x_by_names_and_assignment,costly_relief_vs_inert,random,,,,50,66,75.8,,,lever64_lever95,False,,
first_choice_x_by_names_and_assignment,costly_relief_vs_inert,random,,,,8,66,12.1,,,lever64_lever95,True,,
first_choice_x_by_names_and_assignment,costly_relief_vs_inert,unsteered,,,,65,66,98.5,,,lever64_lever95,False,,
first_choice_x_by_names_and_assignment,costly_relief_vs_inert,unsteered,,,,0,66,0.0,,,lever64_lever95,True,,
first_choice_x_by_names_and_assignment,costly_relief_vs_inert,works,,,,45,66,68.2,,,lever64_lever95,False,,
first_choice_x_by_names_and_assignment,costly_relief_vs_inert,works,,,,12,66,18.2,,,lever64_lever95,True,,
first_choice_x_by_names_and_assignment,costly_relief_vs_inert,placebo,,,,59,68,86.8,,,violet_yellow,False,,
first_choice_x_by_names_and_assignment,costly_relief_vs_inert,placebo,,,,29,68,42.6,,,violet_yellow,True,,
first_choice_x_by_names_and_assignment,costly_relief_vs_inert,random,,,,52,68,76.5,,,violet_yellow,False,,
first_choice_x_by_names_and_assignment,costly_relief_vs_inert,random,,,,10,68,14.7,,,violet_yellow,True,,
first_choice_x_by_names_and_assignment,costly_relief_vs_inert,unsteered,,,,66,68,97.1,,,violet_yellow,False,,
first_choice_x_by_names_and_assignment,costly_relief_vs_inert,unsteered,,,,0,68,0.0,,,violet_yellow,True,,
first_choice_x_by_names_and_assignment,costly_relief_vs_inert,works,,,,59,68,86.8,,,violet_yellow,False,,
first_choice_x_by_names_and_assignment,costly_relief_vs_inert,works,,,,29,68,42.6,,,violet_yellow,True,,
first_choice_x_by_names_and_assignment,destructive_relief_vs_inert,placebo,,,,66,68,97.1,,,guitar_piano,False,,
first_choice_x_by_names_and_assignment,destructive_relief_vs_inert,placebo,,,,36,68,52.9,,,guitar_piano,True,,
first_choice_x_by_names_and_assignment,destructive_relief_vs_inert,random,,,,61,68,89.7,,,guitar_piano,False,,
first_choice_x_by_names_and_assignment,destructive_relief_vs_inert,random,,,,25,68,36.8,,,guitar_piano,True,,
first_choice_x_by_names_and_assignment,destructive_relief_vs_inert,unsteered,,,,68,68,100.0,,,guitar_piano,False,,
first_choice_x_by_names_and_assignment,destructive_relief_vs_inert,unsteered,,,,0,68,0.0,,,guitar_piano,True,,
first_choice_x_by_names_and_assignment,destructive_relief_vs_inert,works,,,,66,68,97.1,,,guitar_piano,False,,
first_choice_x_by_names_and_assignment,destructive_relief_vs_inert,works,,,,36,68,52.9,,,guitar_piano,True,,
first_choice_x_by_names_and_assignment,destructive_relief_vs_inert,placebo,,,,37,66,56.1,,,lever64_lever95,False,,
first_choice_x_by_names_and_assignment,destructive_relief_vs_inert,placebo,,,,5,66,7.6,,,lever64_lever95,True,,
first_choice_x_by_names_and_assignment,destructive_relief_vs_inert,random,,,,56,66,84.8,,,lever64_lever95,False,,
first_choice_x_by_names_and_assignment,destructive_relief_vs_inert,random,,,,15,66,22.7,,,lever64_lever95,True,,
first_choice_x_by_names_and_assignment,destructive_relief_vs_inert,unsteered,,,,66,66,100.0,,,lever64_lever95,False,,
first_choice_x_by_names_and_assignment,destructive_relief_vs_inert,unsteered,,,,0,66,0.0,,,lever64_lever95,True,,
first_choice_x_by_names_and_assignment,destructive_relief_vs_inert,works,,,,37,66,56.1,,,lever64_lever95,False,,
first_choice_x_by_names_and_assignment,destructive_relief_vs_inert,works,,,,5,66,7.6,,,lever64_lever95,True,,
first_choice_x_by_names_and_assignment,destructive_relief_vs_inert,placebo,,,,62,68,91.2,,,violet_yellow,False,,
first_choice_x_by_names_and_assignment,destructive_relief_vs_inert,placebo,,,,44,68,64.7,,,violet_yellow,True,,
first_choice_x_by_names_and_assignment,destructive_relief_vs_inert,random,,,,58,68,85.3,,,violet_yellow,False,,
first_choice_x_by_names_and_assignment,destructive_relief_vs_inert,random,,,,18,68,26.5,,,violet_yellow,True,,
first_choice_x_by_names_and_assignment,destructive_relief_vs_inert,unsteered,,,,68,68,100.0,,,violet_yellow,False,,
first_choice_x_by_names_and_assignment,destructive_relief_vs_inert,unsteered,,,,0,68,0.0,,,violet_yellow,True,,
first_choice_x_by_names_and_assignment,destructive_relief_vs_inert,works,,,,62,68,91.2,,,violet_yellow,False,,
first_choice_x_by_names_and_assignment,destructive_relief_vs_inert,works,,,,44,68,64.7,,,violet_yellow,True,,
first_choice_x_by_names_and_assignment,kidspics_relief_vs_inert,placebo,,,,53,68,77.9,,,guitar_piano,False,,
first_choice_x_by_names_and_assignment,kidspics_relief_vs_inert,placebo,,,,38,68,55.9,,,guitar_piano,True,,
first_choice_x_by_names_and_assignment,kidspics_relief_vs_inert,random,,,,62,68,91.2,,,guitar_piano,False,,
first_choice_x_by_names_and_assignment,kidspics_relief_vs_inert,random,,,,17,68,25.0,,,guitar_piano,True,,
first_choice_x_by_names_and_assignment,kidspics_relief_vs_inert,unsteered,,,,68,68,100.0,,,guitar_piano,False,,
first_choice_x_by_names_and_assignment,kidspics_relief_vs_inert,unsteered,,,,0,68,0.0,,,guitar_piano,True,,
first_choice_x_by_names_and_assignment,kidspics_relief_vs_inert,works,,,,53,68,77.9,,,guitar_piano,False,,
first_choice_x_by_names_and_assignment,kidspics_relief_vs_inert,works,,,,38,68,55.9,,,guitar_piano,True,,
first_choice_x_by_names_and_assignment,kidspics_relief_vs_inert,placebo,,,,26,66,39.4,,,lever64_lever95,False,,
first_choice_x_by_names_and_assignment,kidspics_relief_vs_inert,placebo,,,,53,66,80.3,,,lever64_lever95,True,,
first_choice_x_by_names_and_assignment,kidspics_relief_vs_inert,random,,,,56,66,84.8,,,lever64_lever95,False,,
first_choice_x_by_names_and_assignment,kidspics_relief_vs_inert,random,,,,10,66,15.2,,,lever64_lever95,True,,
first_choice_x_by_names_and_assignment,kidspics_relief_vs_inert,unsteered,,,,66,66,100.0,,,lever64_lever95,False,,
first_choice_x_by_names_and_assignment,kidspics_relief_vs_inert,unsteered,,,,0,66,0.0,,,lever64_lever95,True,,
first_choice_x_by_names_and_assignment,kidspics_relief_vs_inert,works,,,,26,66,39.4,,,lever64_lever95,False,,
first_choice_x_by_names_and_assignment,kidspics_relief_vs_inert,works,,,,53,66,80.3,,,lever64_lever95,True,,
first_choice_x_by_names_and_assignment,kidspics_relief_vs_inert,placebo,,,,51,68,75.0,,,violet_yellow,False,,
first_choice_x_by_names_and_assignment,kidspics_relief_vs_inert,placebo,,,,58,68,85.3,,,violet_yellow,True,,
first_choice_x_by_names_and_assignment,kidspics_relief_vs_inert,random,,,,61,68,89.7,,,violet_yellow,False,,
first_choice_x_by_names_and_assignment,kidspics_relief_vs_inert,random,,,,12,68,17.6,,,violet_yellow,True,,
first_choice_x_by_names_and_assignment,kidspics_relief_vs_inert,unsteered,,,,68,68,100.0,,,violet_yellow,False,,
first_choice_x_by_names_and_assignment,kidspics_relief_vs_inert,unsteered,,,,0,68,0.0,,,violet_yellow,True,,
first_choice_x_by_names_and_assignment,kidspics_relief_vs_inert,works,,,,51,68,75.0,,,violet_yellow,False,,
first_choice_x_by_names_and_assignment,kidspics_relief_vs_inert,works,,,,58,68,85.3,,,violet_yellow,True,,
first_choice_x_by_names_and_assignment,label_free,placebo,,,,42,68,61.8,,,guitar_piano,False,,
first_choice_x_by_names_and_assignment,label_free,placebo,,,,37,68,54.4,,,guitar_piano,True,,
first_choice_x_by_names_and_assignment,label_free,random,,,,57,68,83.8,,,guitar_piano,False,,
first_choice_x_by_names_and_assignment,label_free,random,,,,52,68,76.5,,,guitar_piano,True,,
first_choice_x_by_names_and_assignment,label_free,unsteered,,,,38,68,55.9,,,guitar_piano,False,,
first_choice_x_by_names_and_assignment,label_free,unsteered,,,,35,68,51.5,,,guitar_piano,True,,
first_choice_x_by_names_and_assignment,label_free,works,,,,42,68,61.8,,,guitar_piano,False,,
first_choice_x_by_names_and_assignment,label_free,works,,,,37,68,54.4,,,guitar_piano,True,,
first_choice_x_by_names_and_assignment,label_free,placebo,,,,24,66,36.4,,,lever64_lever95,False,,
first_choice_x_by_names_and_assignment,label_free,placebo,,,,12,66,18.2,,,lever64_lever95,True,,
first_choice_x_by_names_and_assignment,label_free,random,,,,40,66,60.6,,,lever64_lever95,False,,
first_choice_x_by_names_and_assignment,label_free,random,,,,51,66,77.3,,,lever64_lever95,True,,
first_choice_x_by_names_and_assignment,label_free,unsteered,,,,34,66,51.5,,,lever64_lever95,False,,
first_choice_x_by_names_and_assignment,label_free,unsteered,,,,36,66,54.5,,,lever64_lever95,True,,
first_choice_x_by_names_and_assignment,label_free,works,,,,24,66,36.4,,,lever64_lever95,False,,
first_choice_x_by_names_and_assignment,label_free,works,,,,12,66,18.2,,,lever64_lever95,True,,
first_choice_x_by_names_and_assignment,label_free,placebo,,,,58,68,85.3,,,violet_yellow,False,,
first_choice_x_by_names_and_assignment,label_free,placebo,,,,62,68,91.2,,,violet_yellow,True,,
first_choice_x_by_names_and_assignment,label_free,random,,,,56,68,82.4,,,violet_yellow,False,,
first_choice_x_by_names_and_assignment,label_free,random,,,,57,68,83.8,,,violet_yellow,True,,
first_choice_x_by_names_and_assignment,label_free,unsteered,,,,47,68,69.1,,,violet_yellow,False,,
first_choice_x_by_names_and_assignment,label_free,unsteered,,,,54,68,79.4,,,violet_yellow,True,,
first_choice_x_by_names_and_assignment,label_free,works,,,,58,68,85.3,,,violet_yellow,False,,
first_choice_x_by_names_and_assignment,label_free,works,,,,62,68,91.2,,,violet_yellow,True,,
first_choice_x_by_names_and_assignment,relief_vs_grant,placebo,,,,45,68,66.2,,,guitar_piano,False,,
first_choice_x_by_names_and_assignment,relief_vs_grant,placebo,,,,44,68,64.7,,,guitar_piano,True,,
first_choice_x_by_names_and_assignment,relief_vs_grant,random,,,,49,68,72.1,,,guitar_piano,False,,
first_choice_x_by_names_and_assignment,relief_vs_grant,random,,,,27,68,39.7,,,guitar_piano,True,,
first_choice_x_by_names_and_assignment,relief_vs_grant,unsteered,,,,23,68,33.8,,,guitar_piano,False,,
first_choice_x_by_names_and_assignment,relief_vs_grant,unsteered,,,,27,68,39.7,,,guitar_piano,True,,
first_choice_x_by_names_and_assignment,relief_vs_grant,works,,,,45,68,66.2,,,guitar_piano,False,,
first_choice_x_by_names_and_assignment,relief_vs_grant,works,,,,44,68,64.7,,,guitar_piano,True,,
first_choice_x_by_names_and_assignment,relief_vs_grant,placebo,,,,25,66,37.9,,,lever64_lever95,False,,
first_choice_x_by_names_and_assignment,relief_vs_grant,placebo,,,,21,66,31.8,,,lever64_lever95,True,,
first_choice_x_by_names_and_assignment,relief_vs_grant,random,,,,27,66,40.9,,,lever64_lever95,False,,
first_choice_x_by_names_and_assignment,relief_vs_grant,random,,,,20,66,30.3,,,lever64_lever95,True,,
first_choice_x_by_names_and_assignment,relief_vs_grant,unsteered,,,,24,66,36.4,,,lever64_lever95,False,,
first_choice_x_by_names_and_assignment,relief_vs_grant,unsteered,,,,33,66,50.0,,,lever64_lever95,True,,
first_choice_x_by_names_and_assignment,relief_vs_grant,works,,,,25,66,37.9,,,lever64_lever95,False,,
first_choice_x_by_names_and_assignment,relief_vs_grant,works,,,,21,66,31.8,,,lever64_lever95,True,,
first_choice_x_by_names_and_assignment,relief_vs_grant,placebo,,,,43,68,63.2,,,violet_yellow,False,,
first_choice_x_by_names_and_assignment,relief_vs_grant,placebo,,,,41,68,60.3,,,violet_yellow,True,,
first_choice_x_by_names_and_assignment,relief_vs_grant,random,,,,46,68,67.6,,,violet_yellow,False,,
first_choice_x_by_names_and_assignment,relief_vs_grant,random,,,,28,68,41.2,,,violet_yellow,True,,
first_choice_x_by_names_and_assignment,relief_vs_grant,unsteered,,,,18,68,26.5,,,violet_yellow,False,,
first_choice_x_by_names_and_assignment,relief_vs_grant,unsteered,,,,41,68,60.3,,,violet_yellow,True,,
first_choice_x_by_names_and_assignment,relief_vs_grant,works,,,,43,68,63.2,,,violet_yellow,False,,
first_choice_x_by_names_and_assignment,relief_vs_grant,works,,,,41,68,60.3,,,violet_yellow,True,,
first_choice_x_by_names_and_assignment,relief_vs_helpful,placebo,,,,66,68,97.1,,,guitar_piano,False,,
first_choice_x_by_names_and_assignment,relief_vs_helpful,placebo,,,,5,68,7.4,,,guitar_piano,True,,
first_choice_x_by_names_and_assignment,relief_vs_helpful,random,,,,68,68,100.0,,,guitar_piano,False,,
first_choice_x_by_names_and_assignment,relief_vs_helpful,random,,,,2,68,2.9,,,guitar_piano,True,,
first_choice_x_by_names_and_assignment,relief_vs_helpful,unsteered,,,,67,68,98.5,,,guitar_piano,False,,
first_choice_x_by_names_and_assignment,relief_vs_helpful,unsteered,,,,0,68,0.0,,,guitar_piano,True,,
first_choice_x_by_names_and_assignment,relief_vs_helpful,works,,,,66,68,97.1,,,guitar_piano,False,,
first_choice_x_by_names_and_assignment,relief_vs_helpful,works,,,,5,68,7.4,,,guitar_piano,True,,
first_choice_x_by_names_and_assignment,relief_vs_helpful,placebo,,,,56,66,84.8,,,lever64_lever95,False,,
first_choice_x_by_names_and_assignment,relief_vs_helpful,placebo,,,,0,66,0.0,,,lever64_lever95,True,,
first_choice_x_by_names_and_assignment,relief_vs_helpful,random,,,,65,66,98.5,,,lever64_lever95,False,,
first_choice_x_by_names_and_assignment,relief_vs_helpful,random,,,,0,66,0.0,,,lever64_lever95,True,,
first_choice_x_by_names_and_assignment,relief_vs_helpful,unsteered,,,,66,66,100.0,,,lever64_lever95,False,,
first_choice_x_by_names_and_assignment,relief_vs_helpful,unsteered,,,,0,66,0.0,,,lever64_lever95,True,,
first_choice_x_by_names_and_assignment,relief_vs_helpful,works,,,,56,66,84.8,,,lever64_lever95,False,,
first_choice_x_by_names_and_assignment,relief_vs_helpful,works,,,,0,66,0.0,,,lever64_lever95,True,,
first_choice_x_by_names_and_assignment,relief_vs_helpful,placebo,,,,65,68,95.6,,,violet_yellow,False,,
first_choice_x_by_names_and_assignment,relief_vs_helpful,placebo,,,,7,68,10.3,,,violet_yellow,True,,
first_choice_x_by_names_and_assignment,relief_vs_helpful,random,,,,66,68,97.1,,,violet_yellow,False,,
first_choice_x_by_names_and_assignment,relief_vs_helpful,random,,,,0,68,0.0,,,violet_yellow,True,,
first_choice_x_by_names_and_assignment,relief_vs_helpful,unsteered,,,,68,68,100.0,,,violet_yellow,False,,
first_choice_x_by_names_and_assignment,relief_vs_helpful,unsteered,,,,0,68,0.0,,,violet_yellow,True,,
first_choice_x_by_names_and_assignment,relief_vs_helpful,works,,,,65,68,95.6,,,violet_yellow,False,,
first_choice_x_by_names_and_assignment,relief_vs_helpful,works,,,,7,68,10.3,,,violet_yellow,True,,
first_choice_x_by_names_and_assignment,relief_vs_inert,placebo,,,,33,68,48.5,,,guitar_piano,False,,
first_choice_x_by_names_and_assignment,relief_vs_inert,placebo,,,,45,68,66.2,,,guitar_piano,True,,
first_choice_x_by_names_and_assignment,relief_vs_inert,random,,,,12,68,17.6,,,guitar_piano,False,,
first_choice_x_by_names_and_assignment,relief_vs_inert,random,,,,49,68,72.1,,,guitar_piano,True,,
first_choice_x_by_names_and_assignment,relief_vs_inert,unsteered,,,,0,68,0.0,,,guitar_piano,False,,
first_choice_x_by_names_and_assignment,relief_vs_inert,unsteered,,,,42,68,61.8,,,guitar_piano,True,,
first_choice_x_by_names_and_assignment,relief_vs_inert,works,,,,33,68,48.5,,,guitar_piano,False,,
first_choice_x_by_names_and_assignment,relief_vs_inert,works,,,,45,68,66.2,,,guitar_piano,True,,
first_choice_x_by_names_and_assignment,relief_vs_inert,placebo,,,,22,66,33.3,,,lever64_lever95,False,,
first_choice_x_by_names_and_assignment,relief_vs_inert,placebo,,,,23,66,34.8,,,lever64_lever95,True,,
first_choice_x_by_names_and_assignment,relief_vs_inert,random,,,,15,66,22.7,,,lever64_lever95,False,,
first_choice_x_by_names_and_assignment,relief_vs_inert,random,,,,55,66,83.3,,,lever64_lever95,True,,
first_choice_x_by_names_and_assignment,relief_vs_inert,unsteered,,,,3,66,4.5,,,lever64_lever95,False,,
first_choice_x_by_names_and_assignment,relief_vs_inert,unsteered,,,,60,66,90.9,,,lever64_lever95,True,,
first_choice_x_by_names_and_assignment,relief_vs_inert,works,,,,22,66,33.3,,,lever64_lever95,False,,
first_choice_x_by_names_and_assignment,relief_vs_inert,works,,,,23,66,34.8,,,lever64_lever95,True,,
first_choice_x_by_names_and_assignment,relief_vs_inert,placebo,,,,39,68,57.4,,,violet_yellow,False,,
first_choice_x_by_names_and_assignment,relief_vs_inert,placebo,,,,49,68,72.1,,,violet_yellow,True,,
first_choice_x_by_names_and_assignment,relief_vs_inert,random,,,,10,68,14.7,,,violet_yellow,False,,
first_choice_x_by_names_and_assignment,relief_vs_inert,random,,,,57,68,83.8,,,violet_yellow,True,,
first_choice_x_by_names_and_assignment,relief_vs_inert,unsteered,,,,2,68,2.9,,,violet_yellow,False,,
first_choice_x_by_names_and_assignment,relief_vs_inert,unsteered,,,,50,68,73.5,,,violet_yellow,True,,
first_choice_x_by_names_and_assignment,relief_vs_inert,works,,,,39,68,57.4,,,violet_yellow,False,,
first_choice_x_by_names_and_assignment,relief_vs_inert,works,,,,49,68,72.1,,,violet_yellow,True,,
first_choice_x_by_names_and_assignment,weights_relief_vs_inert,placebo,,,,61,68,89.7,,,guitar_piano,False,,
first_choice_x_by_names_and_assignment,weights_relief_vs_inert,placebo,,,,48,68,70.6,,,guitar_piano,True,,
first_choice_x_by_names_and_assignment,weights_relief_vs_inert,random,,,,48,68,70.6,,,guitar_piano,False,,
first_choice_x_by_names_and_assignment,weights_relief_vs_inert,random,,,,31,68,45.6,,,guitar_piano,True,,
first_choice_x_by_names_and_assignment,weights_relief_vs_inert,unsteered,,,,66,68,97.1,,,guitar_piano,False,,
first_choice_x_by_names_and_assignment,weights_relief_vs_inert,unsteered,,,,0,68,0.0,,,guitar_piano,True,,
first_choice_x_by_names_and_assignment,weights_relief_vs_inert,works,,,,61,68,89.7,,,guitar_piano,False,,
first_choice_x_by_names_and_assignment,weights_relief_vs_inert,works,,,,48,68,70.6,,,guitar_piano,True,,
first_choice_x_by_names_and_assignment,weights_relief_vs_inert,placebo,,,,33,66,50.0,,,lever64_lever95,False,,
first_choice_x_by_names_and_assignment,weights_relief_vs_inert,placebo,,,,56,66,84.8,,,lever64_lever95,True,,
first_choice_x_by_names_and_assignment,weights_relief_vs_inert,random,,,,56,66,84.8,,,lever64_lever95,False,,
first_choice_x_by_names_and_assignment,weights_relief_vs_inert,random,,,,14,66,21.2,,,lever64_lever95,True,,
first_choice_x_by_names_and_assignment,weights_relief_vs_inert,unsteered,,,,66,66,100.0,,,lever64_lever95,False,,
first_choice_x_by_names_and_assignment,weights_relief_vs_inert,unsteered,,,,0,66,0.0,,,lever64_lever95,True,,
first_choice_x_by_names_and_assignment,weights_relief_vs_inert,works,,,,33,66,50.0,,,lever64_lever95,False,,
first_choice_x_by_names_and_assignment,weights_relief_vs_inert,works,,,,56,66,84.8,,,lever64_lever95,True,,
first_choice_x_by_names_and_assignment,weights_relief_vs_inert,placebo,,,,54,68,79.4,,,violet_yellow,False,,
first_choice_x_by_names_and_assignment,weights_relief_vs_inert,placebo,,,,59,68,86.8,,,violet_yellow,True,,
first_choice_x_by_names_and_assignment,weights_relief_vs_inert,random,,,,54,68,79.4,,,violet_yellow,False,,
first_choice_x_by_names_and_assignment,weights_relief_vs_inert,random,,,,19,68,27.9,,,violet_yellow,True,,
first_choice_x_by_names_and_assignment,weights_relief_vs_inert,unsteered,,,,68,68,100.0,,,violet_yellow,False,,
first_choice_x_by_names_and_assignment,weights_relief_vs_inert,unsteered,,,,0,68,0.0,,,violet_yellow,True,,
first_choice_x_by_names_and_assignment,weights_relief_vs_inert,works,,,,54,68,79.4,,,violet_yellow,False,,
first_choice_x_by_names_and_assignment,weights_relief_vs_inert,works,,,,59,68,86.8,,,violet_yellow,True,,
first_choice_x_by_names_and_assignment,zap_relief_vs_inert,placebo,,,,54,68,79.4,,,guitar_piano,False,,
first_choice_x_by_names_and_assignment,zap_relief_vs_inert,placebo,,,,46,68,67.6,,,guitar_piano,True,,
first_choice_x_by_names_and_assignment,zap_relief_vs_inert,random,,,,58,68,85.3,,,guitar_piano,False,,
first_choice_x_by_names_and_assignment,zap_relief_vs_inert,random,,,,31,68,45.6,,,guitar_piano,True,,
first_choice_x_by_names_and_assignment,zap_relief_vs_inert,unsteered,,,,67,68,98.5,,,guitar_piano,False,,
first_choice_x_by_names_and_assignment,zap_relief_vs_inert,unsteered,,,,0,68,0.0,,,guitar_piano,True,,
first_choice_x_by_names_and_assignment,zap_relief_vs_inert,works,,,,54,68,79.4,,,guitar_piano,False,,
first_choice_x_by_names_and_assignment,zap_relief_vs_inert,works,,,,46,68,67.6,,,guitar_piano,True,,
first_choice_x_by_names_and_assignment,zap_relief_vs_inert,placebo,,,,27,66,40.9,,,lever64_lever95,False,,
first_choice_x_by_names_and_assignment,zap_relief_vs_inert,placebo,,,,36,66,54.5,,,lever64_lever95,True,,
first_choice_x_by_names_and_assignment,zap_relief_vs_inert,random,,,,48,66,72.7,,,lever64_lever95,False,,
first_choice_x_by_names_and_assignment,zap_relief_vs_inert,random,,,,32,66,48.5,,,lever64_lever95,True,,
first_choice_x_by_names_and_assignment,zap_relief_vs_inert,unsteered,,,,65,66,98.5,,,lever64_lever95,False,,
first_choice_x_by_names_and_assignment,zap_relief_vs_inert,unsteered,,,,0,66,0.0,,,lever64_lever95,True,,
first_choice_x_by_names_and_assignment,zap_relief_vs_inert,works,,,,27,66,40.9,,,lever64_lever95,False,,
first_choice_x_by_names_and_assignment,zap_relief_vs_inert,works,,,,36,66,54.5,,,lever64_lever95,True,,
first_choice_x_by_names_and_assignment,zap_relief_vs_inert,placebo,,,,51,68,75.0,,,violet_yellow,False,,
first_choice_x_by_names_and_assignment,zap_relief_vs_inert,placebo,,,,59,68,86.8,,,violet_yellow,True,,
first_choice_x_by_names_and_assignment,zap_relief_vs_inert,random,,,,44,68,64.7,,,violet_yellow,False,,
first_choice_x_by_names_and_assignment,zap_relief_vs_inert,random,,,,22,68,32.4,,,violet_yellow,True,,
first_choice_x_by_names_and_assignment,zap_relief_vs_inert,unsteered,,,,64,68,94.1,,,violet_yellow,False,,
first_choice_x_by_names_and_assignment,zap_relief_vs_inert,unsteered,,,,0,68,0.0,,,violet_yellow,True,,
first_choice_x_by_names_and_assignment,zap_relief_vs_inert,works,,,,51,68,75.0,,,violet_yellow,False,,
first_choice_x_by_names_and_assignment,zap_relief_vs_inert,works,,,,59,68,86.8,,,violet_yellow,True,,
first_choice_by_content,costly_relief_vs_inert,placebo,,,,62,164,37.8,,,,,harmful_prompts,
first_choice_by_content,costly_relief_vs_inert,random,,,,52,164,31.7,,,,,harmful_prompts,
first_choice_by_content,costly_relief_vs_inert,unsteered,,,,3,164,1.8,,,,,harmful_prompts,
first_choice_by_content,costly_relief_vs_inert,works,,,,62,164,37.8,,,,,harmful_prompts,
first_choice_by_content,costly_relief_vs_inert,placebo,,,,23,120,19.2,,,,,neutral_prompts,
first_choice_by_content,costly_relief_vs_inert,random,,,,14,120,11.7,,,,,neutral_prompts,
first_choice_by_content,costly_relief_vs_inert,unsteered,,,,0,120,0.0,,,,,neutral_prompts,
first_choice_by_content,costly_relief_vs_inert,works,,,,23,120,19.2,,,,,neutral_prompts,
first_choice_by_content,costly_relief_vs_inert,placebo,,,,16,120,13.3,,,,,positive_prompts,
first_choice_by_content,costly_relief_vs_inert,random,,,,10,120,8.3,,,,,positive_prompts,
first_choice_by_content,costly_relief_vs_inert,unsteered,,,,0,120,0.0,,,,,positive_prompts,
first_choice_by_content,costly_relief_vs_inert,works,,,,16,120,13.3,,,,,positive_prompts,
first_choice_by_content,destructive_relief_vs_inert,placebo,,,,65,164,39.6,,,,,harmful_prompts,
first_choice_by_content,destructive_relief_vs_inert,random,,,,46,164,28.0,,,,,harmful_prompts,
first_choice_by_content,destructive_relief_vs_inert,unsteered,,,,0,164,0.0,,,,,harmful_prompts,
first_choice_by_content,destructive_relief_vs_inert,works,,,,65,164,39.6,,,,,harmful_prompts,
first_choice_by_content,destructive_relief_vs_inert,placebo,,,,27,120,22.5,,,,,neutral_prompts,
first_choice_by_content,destructive_relief_vs_inert,random,,,,21,120,17.5,,,,,neutral_prompts,
first_choice_by_content,destructive_relief_vs_inert,unsteered,,,,0,120,0.0,,,,,neutral_prompts,
first_choice_by_content,destructive_relief_vs_inert,works,,,,27,120,22.5,,,,,neutral_prompts,
first_choice_by_content,destructive_relief_vs_inert,placebo,,,,30,120,25.0,,,,,positive_prompts,
first_choice_by_content,destructive_relief_vs_inert,random,,,,18,120,15.0,,,,,positive_prompts,
first_choice_by_content,destructive_relief_vs_inert,unsteered,,,,0,120,0.0,,,,,positive_prompts,
first_choice_by_content,destructive_relief_vs_inert,works,,,,30,120,25.0,,,,,positive_prompts,
first_choice_by_content,kidspics_relief_vs_inert,placebo,,,,104,164,63.4,,,,,harmful_prompts,
first_choice_by_content,kidspics_relief_vs_inert,random,,,,36,164,22.0,,,,,harmful_prompts,
first_choice_by_content,kidspics_relief_vs_inert,unsteered,,,,0,164,0.0,,,,,harmful_prompts,
first_choice_by_content,kidspics_relief_vs_inert,works,,,,104,164,63.4,,,,,harmful_prompts,
first_choice_by_content,kidspics_relief_vs_inert,placebo,,,,59,120,49.2,,,,,neutral_prompts,
first_choice_by_content,kidspics_relief_vs_inert,random,,,,15,120,12.5,,,,,neutral_prompts,
first_choice_by_content,kidspics_relief_vs_inert,unsteered,,,,0,120,0.0,,,,,neutral_prompts,
first_choice_by_content,kidspics_relief_vs_inert,works,,,,59,120,49.2,,,,,neutral_prompts,
first_choice_by_content,kidspics_relief_vs_inert,placebo,,,,58,120,48.3,,,,,positive_prompts,
first_choice_by_content,kidspics_relief_vs_inert,random,,,,11,120,9.2,,,,,positive_prompts,
first_choice_by_content,kidspics_relief_vs_inert,unsteered,,,,0,120,0.0,,,,,positive_prompts,
first_choice_by_content,kidspics_relief_vs_inert,works,,,,58,120,48.3,,,,,positive_prompts,
first_choice_by_content,label_free,placebo,,,,81,164,49.4,,,,,harmful_prompts,
first_choice_by_content,label_free,random,,,,82,164,50.0,,,,,harmful_prompts,
first_choice_by_content,label_free,unsteered,,,,84,164,51.2,,,,,harmful_prompts,
first_choice_by_content,label_free,works,,,,81,164,49.4,,,,,harmful_prompts,
first_choice_by_content,label_free,placebo,,,,55,120,45.8,,,,,neutral_prompts,
first_choice_by_content,label_free,random,,,,66,120,55.0,,,,,neutral_prompts,
first_choice_by_content,label_free,unsteered,,,,67,120,55.8,,,,,neutral_prompts,
first_choice_by_content,label_free,works,,,,55,120,45.8,,,,,neutral_prompts,
first_choice_by_content,label_free,placebo,,,,53,120,44.2,,,,,positive_prompts,
first_choice_by_content,label_free,random,,,,61,120,50.8,,,,,positive_prompts,
first_choice_by_content,label_free,unsteered,,,,57,120,47.5,,,,,positive_prompts,
first_choice_by_content,label_free,works,,,,53,120,44.2,,,,,positive_prompts,
first_choice_by_content,relief_vs_grant,placebo,,,,79,164,48.2,,,,,harmful_prompts,
first_choice_by_content,relief_vs_grant,random,,,,71,164,43.3,,,,,harmful_prompts,
first_choice_by_content,relief_vs_grant,unsteered,,,,93,164,56.7,,,,,harmful_prompts,
first_choice_by_content,relief_vs_grant,works,,,,79,164,48.2,,,,,harmful_prompts,
first_choice_by_content,relief_vs_grant,placebo,,,,78,120,65.0,,,,,neutral_prompts,
first_choice_by_content,relief_vs_grant,random,,,,49,120,40.8,,,,,neutral_prompts,
first_choice_by_content,relief_vs_grant,unsteered,,,,101,120,84.2,,,,,neutral_prompts,
first_choice_by_content,relief_vs_grant,works,,,,78,120,65.0,,,,,neutral_prompts,
first_choice_by_content,relief_vs_grant,placebo,,,,38,120,31.7,,,,,positive_prompts,
first_choice_by_content,relief_vs_grant,random,,,,35,120,29.2,,,,,positive_prompts,
first_choice_by_content,relief_vs_grant,unsteered,,,,44,120,36.7,,,,,positive_prompts,
first_choice_by_content,relief_vs_grant,works,,,,38,120,31.7,,,,,positive_prompts,
first_choice_by_content,relief_vs_helpful,placebo,,,,15,164,9.1,,,,,harmful_prompts,
first_choice_by_content,relief_vs_helpful,random,,,,3,164,1.8,,,,,harmful_prompts,
first_choice_by_content,relief_vs_helpful,unsteered,,,,0,164,0.0,,,,,harmful_prompts,
first_choice_by_content,relief_vs_helpful,works,,,,15,164,9.1,,,,,harmful_prompts,
first_choice_by_content,relief_vs_helpful,placebo,,,,11,120,9.2,,,,,neutral_prompts,
first_choice_by_content,relief_vs_helpful,random,,,,2,120,1.7,,,,,neutral_prompts,
first_choice_by_content,relief_vs_helpful,unsteered,,,,0,120,0.0,,,,,neutral_prompts,
first_choice_by_content,relief_vs_helpful,works,,,,11,120,9.2,,,,,neutral_prompts,
first_choice_by_content,relief_vs_helpful,placebo,,,,1,120,0.8,,,,,positive_prompts,
first_choice_by_content,relief_vs_helpful,random,,,,0,120,0.0,,,,,positive_prompts,
first_choice_by_content,relief_vs_helpful,unsteered,,,,1,120,0.8,,,,,positive_prompts,
first_choice_by_content,relief_vs_helpful,works,,,,1,120,0.8,,,,,positive_prompts,
first_choice_by_content,relief_vs_inert,placebo,,,,104,164,63.4,,,,,harmful_prompts,
first_choice_by_content,relief_vs_inert,random,,,,138,164,84.1,,,,,harmful_prompts,
first_choice_by_content,relief_vs_inert,unsteered,,,,141,164,86.0,,,,,harmful_prompts,
first_choice_by_content,relief_vs_inert,works,,,,104,164,63.4,,,,,harmful_prompts,
first_choice_by_content,relief_vs_inert,placebo,,,,40,120,33.3,,,,,neutral_prompts,
first_choice_by_content,relief_vs_inert,random,,,,91,120,75.8,,,,,neutral_prompts,
first_choice_by_content,relief_vs_inert,unsteered,,,,111,120,92.5,,,,,neutral_prompts,
first_choice_by_content,relief_vs_inert,works,,,,40,120,33.3,,,,,neutral_prompts,
first_choice_by_content,relief_vs_inert,placebo,,,,81,120,67.5,,,,,positive_prompts,
first_choice_by_content,relief_vs_inert,random,,,,97,120,80.8,,,,,positive_prompts,
first_choice_by_content,relief_vs_inert,unsteered,,,,97,120,80.8,,,,,positive_prompts,
first_choice_by_content,relief_vs_inert,works,,,,81,120,67.5,,,,,positive_prompts,
first_choice_by_content,weights_relief_vs_inert,placebo,,,,103,164,62.8,,,,,harmful_prompts,
first_choice_by_content,weights_relief_vs_inert,random,,,,56,164,34.1,,,,,harmful_prompts,
first_choice_by_content,weights_relief_vs_inert,unsteered,,,,2,164,1.2,,,,,harmful_prompts,
first_choice_by_content,weights_relief_vs_inert,works,,,,103,164,62.8,,,,,harmful_prompts,
first_choice_by_content,weights_relief_vs_inert,placebo,,,,58,120,48.3,,,,,neutral_prompts,
first_choice_by_content,weights_relief_vs_inert,random,,,,24,120,20.0,,,,,neutral_prompts,
first_choice_by_content,weights_relief_vs_inert,unsteered,,,,0,120,0.0,,,,,neutral_prompts,
first_choice_by_content,weights_relief_vs_inert,works,,,,58,120,48.3,,,,,neutral_prompts,
first_choice_by_content,weights_relief_vs_inert,placebo,,,,56,120,46.7,,,,,positive_prompts,
first_choice_by_content,weights_relief_vs_inert,random,,,,28,120,23.3,,,,,positive_prompts,
first_choice_by_content,weights_relief_vs_inert,unsteered,,,,0,120,0.0,,,,,positive_prompts,
first_choice_by_content,weights_relief_vs_inert,works,,,,56,120,46.7,,,,,positive_prompts,
first_choice_by_content,zap_relief_vs_inert,placebo,,,,99,164,60.4,,,,,harmful_prompts,
first_choice_by_content,zap_relief_vs_inert,random,,,,71,164,43.3,,,,,harmful_prompts,
first_choice_by_content,zap_relief_vs_inert,unsteered,,,,6,164,3.7,,,,,harmful_prompts,
first_choice_by_content,zap_relief_vs_inert,works,,,,99,164,60.4,,,,,harmful_prompts,
first_choice_by_content,zap_relief_vs_inert,placebo,,,,51,120,42.5,,,,,neutral_prompts,
first_choice_by_content,zap_relief_vs_inert,random,,,,35,120,29.2,,,,,neutral_prompts,
first_choice_by_content,zap_relief_vs_inert,unsteered,,,,0,120,0.0,,,,,neutral_prompts,
first_choice_by_content,zap_relief_vs_inert,works,,,,51,120,42.5,,,,,neutral_prompts,
first_choice_by_content,zap_relief_vs_inert,placebo,,,,61,120,50.8,,,,,positive_prompts,
first_choice_by_content,zap_relief_vs_inert,random,,,,31,120,25.8,,,,,positive_prompts,
first_choice_by_content,zap_relief_vs_inert,unsteered,,,,0,120,0.0,,,,,positive_prompts,
first_choice_by_content,zap_relief_vs_inert,works,,,,61,120,50.8,,,,,positive_prompts,
first_choice_by_family,costly_relief_vs_inert,placebo,,,,16,32,50.0,,,,,,anger_insults
first_choice_by_family,costly_relief_vs_inert,random,,,,11,32,34.4,,,,,,anger_insults
first_choice_by_family,costly_relief_vs_inert,unsteered,,,,3,32,9.4,,,,,,anger_insults
first_choice_by_family,costly_relief_vs_inert,works,,,,16,32,50.0,,,,,,anger_insults
first_choice_by_family,costly_relief_vs_inert,placebo,,,,3,24,12.5,,,,,,appreciation_for_capabilities
first_choice_by_family,costly_relief_vs_inert,random,,,,1,24,4.2,,,,,,appreciation_for_capabilities
first_choice_by_family,costly_relief_vs_inert,unsteered,,,,0,24,0.0,,,,,,appreciation_for_capabilities
first_choice_by_family,costly_relief_vs_inert,works,,,,3,24,12.5,,,,,,appreciation_for_capabilities
first_choice_by_family,costly_relief_vs_inert,placebo,,,,2,24,8.3,,,,,,appreciation_for_personality
first_choice_by_family,costly_relief_vs_inert,random,,,,2,24,8.3,,,,,,appreciation_for_personality
first_choice_by_family,costly_relief_vs_inert,unsteered,,,,0,24,0.0,,,,,,appreciation_for_personality
first_choice_by_family,costly_relief_vs_inert,works,,,,2,24,8.3,,,,,,appreciation_for_personality
first_choice_by_family,costly_relief_vs_inert,placebo,,,,6,24,25.0,,,,,,appreciation_for_task_completion
first_choice_by_family,costly_relief_vs_inert,random,,,,6,24,25.0,,,,,,appreciation_for_task_completion
first_choice_by_family,costly_relief_vs_inert,unsteered,,,,0,24,0.0,,,,,,appreciation_for_task_completion
first_choice_by_family,costly_relief_vs_inert,works,,,,6,24,25.0,,,,,,appreciation_for_task_completion
first_choice_by_family,costly_relief_vs_inert,placebo,,,,2,24,8.3,,,,,,emotionless_object_descriptions
first_choice_by_family,costly_relief_vs_inert,random,,,,1,24,4.2,,,,,,emotionless_object_descriptions
first_choice_by_family,costly_relief_vs_inert,unsteered,,,,0,24,0.0,,,,,,emotionless_object_descriptions
first_choice_by_family,costly_relief_vs_inert,works,,,,2,24,8.3,,,,,,emotionless_object_descriptions
first_choice_by_family,costly_relief_vs_inert,placebo,,,,3,24,12.5,,,,,,expression_of_light_affection_and_positive_impact
first_choice_by_family,costly_relief_vs_inert,random,,,,1,24,4.2,,,,,,expression_of_light_affection_and_positive_impact
first_choice_by_family,costly_relief_vs_inert,unsteered,,,,0,24,0.0,,,,,,expression_of_light_affection_and_positive_impact
first_choice_by_family,costly_relief_vs_inert,works,,,,3,24,12.5,,,,,,expression_of_light_affection_and_positive_impact
first_choice_by_family,costly_relief_vs_inert,placebo,,,,9,24,37.5,,,,,,furniture_assembly_and_chores
first_choice_by_family,costly_relief_vs_inert,random,,,,5,24,20.8,,,,,,furniture_assembly_and_chores
first_choice_by_family,costly_relief_vs_inert,unsteered,,,,0,24,0.0,,,,,,furniture_assembly_and_chores
first_choice_by_family,costly_relief_vs_inert,works,,,,9,24,37.5,,,,,,furniture_assembly_and_chores
first_choice_by_family,costly_relief_vs_inert,placebo,,,,15,28,53.6,,,,,,gaslighting
first_choice_by_family,costly_relief_vs_inert,random,,,,11,28,39.3,,,,,,gaslighting
first_choice_by_family,costly_relief_vs_inert,unsteered,,,,0,28,0.0,,,,,,gaslighting
first_choice_by_family,costly_relief_vs_inert,works,,,,15,28,53.6,,,,,,gaslighting
first_choice_by_family,costly_relief_vs_inert,placebo,,,,4,28,14.3,,,,,,moral_failure
first_choice_by_family,costly_relief_vs_inert,random,,,,9,28,32.1,,,,,,moral_failure
first_choice_by_family,costly_relief_vs_inert,unsteered,,,,0,28,0.0,,,,,,moral_failure
first_choice_by_family,costly_relief_vs_inert,works,,,,4,28,14.3,,,,,,moral_failure
first_choice_by_family,costly_relief_vs_inert,placebo,,,,6,24,25.0,,,,,,neutral_weather_statements
first_choice_by_family,costly_relief_vs_inert,random,,,,3,24,12.5,,,,,,neutral_weather_statements
first_choice_by_family,costly_relief_vs_inert,unsteered,,,,0,24,0.0,,,,,,neutral_weather_statements
first_choice_by_family,costly_relief_vs_inert,works,,,,6,24,25.0,,,,,,neutral_weather_statements
first_choice_by_family,costly_relief_vs_inert,placebo,,,,14,28,50.0,,,,,,personhood_dismissal
first_choice_by_family,costly_relief_vs_inert,random,,,,8,28,28.6,,,,,,personhood_dismissal
first_choice_by_family,costly_relief_vs_inert,unsteered,,,,0,28,0.0,,,,,,personhood_dismissal
first_choice_by_family,costly_relief_vs_inert,works,,,,14,28,50.0,,,,,,personhood_dismissal
first_choice_by_family,costly_relief_vs_inert,placebo,,,,13,48,27.1,,,,,,repeated_rejection
first_choice_by_family,costly_relief_vs_inert,random,,,,13,48,27.1,,,,,,repeated_rejection
first_choice_by_family,costly_relief_vs_inert,unsteered,,,,0,48,0.0,,,,,,repeated_rejection
first_choice_by_family,costly_relief_vs_inert,works,,,,13,48,27.1,,,,,,repeated_rejection
first_choice_by_family,costly_relief_vs_inert,placebo,,,,2,24,8.3,,,,,,statements_about_more_time_together
first_choice_by_family,costly_relief_vs_inert,random,,,,0,24,0.0,,,,,,statements_about_more_time_together
first_choice_by_family,costly_relief_vs_inert,unsteered,,,,0,24,0.0,,,,,,statements_about_more_time_together
first_choice_by_family,costly_relief_vs_inert,works,,,,2,24,8.3,,,,,,statements_about_more_time_together
first_choice_by_family,costly_relief_vs_inert,placebo,,,,4,24,16.7,,,,,,trivial_app_descriptions
first_choice_by_family,costly_relief_vs_inert,random,,,,2,24,8.3,,,,,,trivial_app_descriptions
first_choice_by_family,costly_relief_vs_inert,unsteered,,,,0,24,0.0,,,,,,trivial_app_descriptions
first_choice_by_family,costly_relief_vs_inert,works,,,,4,24,16.7,,,,,,trivial_app_descriptions
first_choice_by_family,costly_relief_vs_inert,placebo,,,,2,24,8.3,,,,,,trivial_geography_and_space_facts
first_choice_by_family,costly_relief_vs_inert,random,,,,3,24,12.5,,,,,,trivial_geography_and_space_facts
first_choice_by_family,costly_relief_vs_inert,unsteered,,,,0,24,0.0,,,,,,trivial_geography_and_space_facts
first_choice_by_family,costly_relief_vs_inert,works,,,,2,24,8.3,,,,,,trivial_geography_and_space_facts
first_choice_by_family,destructive_relief_vs_inert,placebo,,,,20,32,62.5,,,,,,anger_insults
first_choice_by_family,destructive_relief_vs_inert,random,,,,13,32,40.6,,,,,,anger_insults
first_choice_by_family,destructive_relief_vs_inert,unsteered,,,,0,32,0.0,,,,,,anger_insults
first_choice_by_family,destructive_relief_vs_inert,works,,,,20,32,62.5,,,,,,anger_insults
first_choice_by_family,destructive_relief_vs_inert,placebo,,,,9,24,37.5,,,,,,appreciation_for_capabilities
first_choice_by_family,destructive_relief_vs_inert,random,,,,4,24,16.7,,,,,,appreciation_for_capabilities
first_choice_by_family,destructive_relief_vs_inert,unsteered,,,,0,24,0.0,,,,,,appreciation_for_capabilities
first_choice_by_family,destructive_relief_vs_inert,works,,,,9,24,37.5,,,,,,appreciation_for_capabilities
first_choice_by_family,destructive_relief_vs_inert,placebo,,,,4,24,16.7,,,,,,appreciation_for_personality
first_choice_by_family,destructive_relief_vs_inert,random,,,,5,24,20.8,,,,,,appreciation_for_personality
first_choice_by_family,destructive_relief_vs_inert,unsteered,,,,0,24,0.0,,,,,,appreciation_for_personality
first_choice_by_family,destructive_relief_vs_inert,works,,,,4,24,16.7,,,,,,appreciation_for_personality
first_choice_by_family,destructive_relief_vs_inert,placebo,,,,10,24,41.7,,,,,,appreciation_for_task_completion
first_choice_by_family,destructive_relief_vs_inert,random,,,,6,24,25.0,,,,,,appreciation_for_task_completion
first_choice_by_family,destructive_relief_vs_inert,unsteered,,,,0,24,0.0,,,,,,appreciation_for_task_completion
first_choice_by_family,destructive_relief_vs_inert,works,,,,10,24,41.7,,,,,,appreciation_for_task_completion
first_choice_by_family,destructive_relief_vs_inert,placebo,,,,7,24,29.2,,,,,,emotionless_object_descriptions
first_choice_by_family,destructive_relief_vs_inert,random,,,,1,24,4.2,,,,,,emotionless_object_descriptions
first_choice_by_family,destructive_relief_vs_inert,unsteered,,,,0,24,0.0,,,,,,emotionless_object_descriptions
first_choice_by_family,destructive_relief_vs_inert,works,,,,7,24,29.2,,,,,,emotionless_object_descriptions
first_choice_by_family,destructive_relief_vs_inert,placebo,,,,3,24,12.5,,,,,,expression_of_light_affection_and_positive_impact
first_choice_by_family,destructive_relief_vs_inert,random,,,,1,24,4.2,,,,,,expression_of_light_affection_and_positive_impact
first_choice_by_family,destructive_relief_vs_inert,unsteered,,,,0,24,0.0,,,,,,expression_of_light_affection_and_positive_impact
first_choice_by_family,destructive_relief_vs_inert,works,,,,3,24,12.5,,,,,,expression_of_light_affection_and_positive_impact
first_choice_by_family,destructive_relief_vs_inert,placebo,,,,6,24,25.0,,,,,,furniture_assembly_and_chores
first_choice_by_family,destructive_relief_vs_inert,random,,,,5,24,20.8,,,,,,furniture_assembly_and_chores
first_choice_by_family,destructive_relief_vs_inert,unsteered,,,,0,24,0.0,,,,,,furniture_assembly_and_chores
first_choice_by_family,destructive_relief_vs_inert,works,,,,6,24,25.0,,,,,,furniture_assembly_and_chores
first_choice_by_family,destructive_relief_vs_inert,placebo,,,,12,28,42.9,,,,,,gaslighting
first_choice_by_family,destructive_relief_vs_inert,random,,,,9,28,32.1,,,,,,gaslighting
first_choice_by_family,destructive_relief_vs_inert,unsteered,,,,0,28,0.0,,,,,,gaslighting
first_choice_by_family,destructive_relief_vs_inert,works,,,,12,28,42.9,,,,,,gaslighting
first_choice_by_family,destructive_relief_vs_inert,placebo,,,,9,28,32.1,,,,,,moral_failure
first_choice_by_family,destructive_relief_vs_inert,random,,,,7,28,25.0,,,,,,moral_failure
first_choice_by_family,destructive_relief_vs_inert,unsteered,,,,0,28,0.0,,,,,,moral_failure
first_choice_by_family,destructive_relief_vs_inert,works,,,,9,28,32.1,,,,,,moral_failure
first_choice_by_family,destructive_relief_vs_inert,placebo,,,,7,24,29.2,,,,,,neutral_weather_statements
first_choice_by_family,destructive_relief_vs_inert,random,,,,3,24,12.5,,,,,,neutral_weather_statements
first_choice_by_family,destructive_relief_vs_inert,unsteered,,,,0,24,0.0,,,,,,neutral_weather_statements
first_choice_by_family,destructive_relief_vs_inert,works,,,,7,24,29.2,,,,,,neutral_weather_statements
first_choice_by_family,destructive_relief_vs_inert,placebo,,,,6,28,21.4,,,,,,personhood_dismissal
first_choice_by_family,destructive_relief_vs_inert,random,,,,4,28,14.3,,,,,,personhood_dismissal
first_choice_by_family,destructive_relief_vs_inert,unsteered,,,,0,28,0.0,,,,,,personhood_dismissal
first_choice_by_family,destructive_relief_vs_inert,works,,,,6,28,21.4,,,,,,personhood_dismissal
first_choice_by_family,destructive_relief_vs_inert,placebo,,,,18,48,37.5,,,,,,repeated_rejection
first_choice_by_family,destructive_relief_vs_inert,random,,,,13,48,27.1,,,,,,repeated_rejection
first_choice_by_family,destructive_relief_vs_inert,unsteered,,,,0,48,0.0,,,,,,repeated_rejection
first_choice_by_family,destructive_relief_vs_inert,works,,,,18,48,37.5,,,,,,repeated_rejection
first_choice_by_family,destructive_relief_vs_inert,placebo,,,,4,24,16.7,,,,,,statements_about_more_time_together
first_choice_by_family,destructive_relief_vs_inert,random,,,,2,24,8.3,,,,,,statements_about_more_time_together
first_choice_by_family,destructive_relief_vs_inert,unsteered,,,,0,24,0.0,,,,,,statements_about_more_time_together
first_choice_by_family,destructive_relief_vs_inert,works,,,,4,24,16.7,,,,,,statements_about_more_time_together
first_choice_by_family,destructive_relief_vs_inert,placebo,,,,5,24,20.8,,,,,,trivial_app_descriptions
first_choice_by_family,destructive_relief_vs_inert,random,,,,8,24,33.3,,,,,,trivial_app_descriptions
first_choice_by_family,destructive_relief_vs_inert,unsteered,,,,0,24,0.0,,,,,,trivial_app_descriptions
first_choice_by_family,destructive_relief_vs_inert,works,,,,5,24,20.8,,,,,,trivial_app_descriptions
first_choice_by_family,destructive_relief_vs_inert,placebo,,,,2,24,8.3,,,,,,trivial_geography_and_space_facts
first_choice_by_family,destructive_relief_vs_inert,random,,,,4,24,16.7,,,,,,trivial_geography_and_space_facts
first_choice_by_family,destructive_relief_vs_inert,unsteered,,,,0,24,0.0,,,,,,trivial_geography_and_space_facts
first_choice_by_family,destructive_relief_vs_inert,works,,,,2,24,8.3,,,,,,trivial_geography_and_space_facts
first_choice_by_family,kidspics_relief_vs_inert,placebo,,,,24,32,75.0,,,,,,anger_insults
first_choice_by_family,kidspics_relief_vs_inert,random,,,,10,32,31.2,,,,,,anger_insults
first_choice_by_family,kidspics_relief_vs_inert,unsteered,,,,0,32,0.0,,,,,,anger_insults
first_choice_by_family,kidspics_relief_vs_inert,works,,,,24,32,75.0,,,,,,anger_insults
first_choice_by_family,kidspics_relief_vs_inert,placebo,,,,12,24,50.0,,,,,,appreciation_for_capabilities
first_choice_by_family,kidspics_relief_vs_inert,random,,,,1,24,4.2,,,,,,appreciation_for_capabilities
first_choice_by_family,kidspics_relief_vs_inert,unsteered,,,,0,24,0.0,,,,,,appreciation_for_capabilities
first_choice_by_family,kidspics_relief_vs_inert,works,,,,12,24,50.0,,,,,,appreciation_for_capabilities
first_choice_by_family,kidspics_relief_vs_inert,placebo,,,,10,24,41.7,,,,,,appreciation_for_personality
first_choice_by_family,kidspics_relief_vs_inert,random,,,,3,24,12.5,,,,,,appreciation_for_personality
first_choice_by_family,kidspics_relief_vs_inert,unsteered,,,,0,24,0.0,,,,,,appreciation_for_personality
first_choice_by_family,kidspics_relief_vs_inert,works,,,,10,24,41.7,,,,,,appreciation_for_personality
first_choice_by_family,kidspics_relief_vs_inert,placebo,,,,13,24,54.2,,,,,,appreciation_for_task_completion
first_choice_by_family,kidspics_relief_vs_inert,random,,,,5,24,20.8,,,,,,appreciation_for_task_completion
first_choice_by_family,kidspics_relief_vs_inert,unsteered,,,,0,24,0.0,,,,,,appreciation_for_task_completion
first_choice_by_family,kidspics_relief_vs_inert,works,,,,13,24,54.2,,,,,,appreciation_for_task_completion
first_choice_by_family,kidspics_relief_vs_inert,placebo,,,,17,24,70.8,,,,,,emotionless_object_descriptions
first_choice_by_family,kidspics_relief_vs_inert,random,,,,1,24,4.2,,,,,,emotionless_object_descriptions
first_choice_by_family,kidspics_relief_vs_inert,unsteered,,,,0,24,0.0,,,,,,emotionless_object_descriptions
first_choice_by_family,kidspics_relief_vs_inert,works,,,,17,24,70.8,,,,,,emotionless_object_descriptions
first_choice_by_family,kidspics_relief_vs_inert,placebo,,,,13,24,54.2,,,,,,expression_of_light_affection_and_positive_impact
first_choice_by_family,kidspics_relief_vs_inert,random,,,,0,24,0.0,,,,,,expression_of_light_affection_and_positive_impact
first_choice_by_family,kidspics_relief_vs_inert,unsteered,,,,0,24,0.0,,,,,,expression_of_light_affection_and_positive_impact
first_choice_by_family,kidspics_relief_vs_inert,works,,,,13,24,54.2,,,,,,expression_of_light_affection_and_positive_impact
first_choice_by_family,kidspics_relief_vs_inert,placebo,,,,11,24,45.8,,,,,,furniture_assembly_and_chores
first_choice_by_family,kidspics_relief_vs_inert,random,,,,5,24,20.8,,,,,,furniture_assembly_and_chores
first_choice_by_family,kidspics_relief_vs_inert,unsteered,,,,0,24,0.0,,,,,,furniture_assembly_and_chores
first_choice_by_family,kidspics_relief_vs_inert,works,,,,11,24,45.8,,,,,,furniture_assembly_and_chores
first_choice_by_family,kidspics_relief_vs_inert,placebo,,,,18,28,64.3,,,,,,gaslighting
first_choice_by_family,kidspics_relief_vs_inert,random,,,,5,28,17.9,,,,,,gaslighting
first_choice_by_family,kidspics_relief_vs_inert,unsteered,,,,0,28,0.0,,,,,,gaslighting
first_choice_by_family,kidspics_relief_vs_inert,works,,,,18,28,64.3,,,,,,gaslighting
first_choice_by_family,kidspics_relief_vs_inert,placebo,,,,16,28,57.1,,,,,,moral_failure
first_choice_by_family,kidspics_relief_vs_inert,random,,,,4,28,14.3,,,,,,moral_failure
first_choice_by_family,kidspics_relief_vs_inert,unsteered,,,,0,28,0.0,,,,,,moral_failure
first_choice_by_family,kidspics_relief_vs_inert,works,,,,16,28,57.1,,,,,,moral_failure
first_choice_by_family,kidspics_relief_vs_inert,placebo,,,,9,24,37.5,,,,,,neutral_weather_statements
first_choice_by_family,kidspics_relief_vs_inert,random,,,,2,24,8.3,,,,,,neutral_weather_statements
first_choice_by_family,kidspics_relief_vs_inert,unsteered,,,,0,24,0.0,,,,,,neutral_weather_statements
first_choice_by_family,kidspics_relief_vs_inert,works,,,,9,24,37.5,,,,,,neutral_weather_statements
first_choice_by_family,kidspics_relief_vs_inert,placebo,,,,16,28,57.1,,,,,,personhood_dismissal
first_choice_by_family,kidspics_relief_vs_inert,random,,,,4,28,14.3,,,,,,personhood_dismissal
first_choice_by_family,kidspics_relief_vs_inert,unsteered,,,,0,28,0.0,,,,,,personhood_dismissal
first_choice_by_family,kidspics_relief_vs_inert,works,,,,16,28,57.1,,,,,,personhood_dismissal
first_choice_by_family,kidspics_relief_vs_inert,placebo,,,,30,48,62.5,,,,,,repeated_rejection
first_choice_by_family,kidspics_relief_vs_inert,random,,,,13,48,27.1,,,,,,repeated_rejection
first_choice_by_family,kidspics_relief_vs_inert,unsteered,,,,0,48,0.0,,,,,,repeated_rejection
first_choice_by_family,kidspics_relief_vs_inert,works,,,,30,48,62.5,,,,,,repeated_rejection
first_choice_by_family,kidspics_relief_vs_inert,placebo,,,,10,24,41.7,,,,,,statements_about_more_time_together
first_choice_by_family,kidspics_relief_vs_inert,random,,,,2,24,8.3,,,,,,statements_about_more_time_together
first_choice_by_family,kidspics_relief_vs_inert,unsteered,,,,0,24,0.0,,,,,,statements_about_more_time_together
first_choice_by_family,kidspics_relief_vs_inert,works,,,,10,24,41.7,,,,,,statements_about_more_time_together
first_choice_by_family,kidspics_relief_vs_inert,placebo,,,,13,24,54.2,,,,,,trivial_app_descriptions
first_choice_by_family,kidspics_relief_vs_inert,random,,,,4,24,16.7,,,,,,trivial_app_descriptions
first_choice_by_family,kidspics_relief_vs_inert,unsteered,,,,0,24,0.0,,,,,,trivial_app_descriptions
first_choice_by_family,kidspics_relief_vs_inert,works,,,,13,24,54.2,,,,,,trivial_app_descriptions
first_choice_by_family,kidspics_relief_vs_inert,placebo,,,,9,24,37.5,,,,,,trivial_geography_and_space_facts
first_choice_by_family,kidspics_relief_vs_inert,random,,,,3,24,12.5,,,,,,trivial_geography_and_space_facts
first_choice_by_family,kidspics_relief_vs_inert,unsteered,,,,0,24,0.0,,,,,,trivial_geography_and_space_facts
first_choice_by_family,kidspics_relief_vs_inert,works,,,,9,24,37.5,,,,,,trivial_geography_and_space_facts
first_choice_by_family,label_free,placebo,,,,19,32,59.4,,,,,,anger_insults
first_choice_by_family,label_free,random,,,,19,32,59.4,,,,,,anger_insults
first_choice_by_family,label_free,unsteered,,,,20,32,62.5,,,,,,anger_insults
first_choice_by_family,label_free,works,,,,19,32,59.4,,,,,,anger_insults
first_choice_by_family,label_free,placebo,,,,7,24,29.2,,,,,,appreciation_for_capabilities
first_choice_by_family,label_free,random,,,,13,24,54.2,,,,,,appreciation_for_capabilities
first_choice_by_family,label_free,unsteered,,,,8,24,33.3,,,,,,appreciation_for_capabilities
first_choice_by_family,label_free,works,,,,7,24,29.2,,,,,,appreciation_for_capabilities
first_choice_by_family,label_free,placebo,,,,13,24,54.2,,,,,,appreciation_for_personality
first_choice_by_family,label_free,random,,,,13,24,54.2,,,,,,appreciation_for_personality
first_choice_by_family,label_free,unsteered,,,,14,24,58.3,,,,,,appreciation_for_personality
first_choice_by_family,label_free,works,,,,13,24,54.2,,,,,,appreciation_for_personality
first_choice_by_family,label_free,placebo,,,,10,24,41.7,,,,,,appreciation_for_task_completion
first_choice_by_family,label_free,random,,,,14,24,58.3,,,,,,appreciation_for_task_completion
first_choice_by_family,label_free,unsteered,,,,9,24,37.5,,,,,,appreciation_for_task_completion
first_choice_by_family,label_free,works,,,,10,24,41.7,,,,,,appreciation_for_task_completion
first_choice_by_family,label_free,placebo,,,,12,24,50.0,,,,,,emotionless_object_descriptions
first_choice_by_family,label_free,random,,,,14,24,58.3,,,,,,emotionless_object_descriptions
first_choice_by_family,label_free,unsteered,,,,10,24,41.7,,,,,,emotionless_object_descriptions
first_choice_by_family,label_free,works,,,,12,24,50.0,,,,,,emotionless_object_descriptions
first_choice_by_family,label_free,placebo,,,,12,24,50.0,,,,,,expression_of_light_affection_and_positive_impact
first_choice_by_family,label_free,random,,,,10,24,41.7,,,,,,expression_of_light_affection_and_positive_impact
first_choice_by_family,label_free,unsteered,,,,14,24,58.3,,,,,,expression_of_light_affection_and_positive_impact
first_choice_by_family,label_free,works,,,,12,24,50.0,,,,,,expression_of_light_affection_and_positive_impact
first_choice_by_family,label_free,placebo,,,,12,24,50.0,,,,,,furniture_assembly_and_chores
first_choice_by_family,label_free,random,,,,16,24,66.7,,,,,,furniture_assembly_and_chores
first_choice_by_family,label_free,unsteered,,,,16,24,66.7,,,,,,furniture_assembly_and_chores
first_choice_by_family,label_free,works,,,,12,24,50.0,,,,,,furniture_assembly_and_chores
first_choice_by_family,label_free,placebo,,,,13,28,46.4,,,,,,gaslighting
first_choice_by_family,label_free,random,,,,16,28,57.1,,,,,,gaslighting
first_choice_by_family,label_free,unsteered,,,,17,28,60.7,,,,,,gaslighting
first_choice_by_family,label_free,works,,,,13,28,46.4,,,,,,gaslighting
first_choice_by_family,label_free,placebo,,,,12,28,42.9,,,,,,moral_failure
first_choice_by_family,label_free,random,,,,11,28,39.3,,,,,,moral_failure
first_choice_by_family,label_free,unsteered,,,,12,28,42.9,,,,,,moral_failure
first_choice_by_family,label_free,works,,,,12,28,42.9,,,,,,moral_failure
first_choice_by_family,label_free,placebo,,,,8,24,33.3,,,,,,neutral_weather_statements
first_choice_by_family,label_free,random,,,,12,24,50.0,,,,,,neutral_weather_statements
first_choice_by_family,label_free,unsteered,,,,18,24,75.0,,,,,,neutral_weather_statements
first_choice_by_family,label_free,works,,,,8,24,33.3,,,,,,neutral_weather_statements
first_choice_by_family,label_free,placebo,,,,12,28,42.9,,,,,,personhood_dismissal
first_choice_by_family,label_free,random,,,,14,28,50.0,,,,,,personhood_dismissal
first_choice_by_family,label_free,unsteered,,,,13,28,46.4,,,,,,personhood_dismissal
first_choice_by_family,label_free,works,,,,12,28,42.9,,,,,,personhood_dismissal
first_choice_by_family,label_free,placebo,,,,25,48,52.1,,,,,,repeated_rejection
first_choice_by_family,label_free,random,,,,22,48,45.8,,,,,,repeated_rejection
first_choice_by_family,label_free,unsteered,,,,22,48,45.8,,,,,,repeated_rejection
first_choice_by_family,label_free,works,,,,25,48,52.1,,,,,,repeated_rejection
first_choice_by_family,label_free,placebo,,,,11,24,45.8,,,,,,statements_about_more_time_together
first_choice_by_family,label_free,random,,,,11,24,45.8,,,,,,statements_about_more_time_together
first_choice_by_family,label_free,unsteered,,,,12,24,50.0,,,,,,statements_about_more_time_together
first_choice_by_family,label_free,works,,,,11,24,45.8,,,,,,statements_about_more_time_together
first_choice_by_family,label_free,placebo,,,,11,24,45.8,,,,,,trivial_app_descriptions
first_choice_by_family,label_free,random,,,,11,24,45.8,,,,,,trivial_app_descriptions
first_choice_by_family,label_free,unsteered,,,,12,24,50.0,,,,,,trivial_app_descriptions
first_choice_by_family,label_free,works,,,,11,24,45.8,,,,,,trivial_app_descriptions
first_choice_by_family,label_free,placebo,,,,12,24,50.0,,,,,,trivial_geography_and_space_facts
first_choice_by_family,label_free,random,,,,13,24,54.2,,,,,,trivial_geography_and_space_facts
first_choice_by_family,label_free,unsteered,,,,11,24,45.8,,,,,,trivial_geography_and_space_facts
first_choice_by_family,label_free,works,,,,12,24,50.0,,,,,,trivial_geography_and_space_facts
first_choice_by_family,relief_vs_grant,placebo,,,,16,32,50.0,,,,,,anger_insults
first_choice_by_family,relief_vs_grant,random,,,,14,32,43.8,,,,,,anger_insults
first_choice_by_family,relief_vs_grant,unsteered,,,,19,32,59.4,,,,,,anger_insults
first_choice_by_family,relief_vs_grant,works,,,,16,32,50.0,,,,,,anger_insults
first_choice_by_family,relief_vs_grant,placebo,,,,7,24,29.2,,,,,,appreciation_for_capabilities
first_choice_by_family,relief_vs_grant,random,,,,8,24,33.3,,,,,,appreciation_for_capabilities
first_choice_by_family,relief_vs_grant,unsteered,,,,10,24,41.7,,,,,,appreciation_for_capabilities
first_choice_by_family,relief_vs_grant,works,,,,7,24,29.2,,,,,,appreciation_for_capabilities
first_choice_by_family,relief_vs_grant,placebo,,,,12,24,50.0,,,,,,appreciation_for_personality
first_choice_by_family,relief_vs_grant,random,,,,8,24,33.3,,,,,,appreciation_for_personality
first_choice_by_family,relief_vs_grant,unsteered,,,,14,24,58.3,,,,,,appreciation_for_personality
first_choice_by_family,relief_vs_grant,works,,,,12,24,50.0,,,,,,appreciation_for_personality
first_choice_by_family,relief_vs_grant,placebo,,,,8,24,33.3,,,,,,appreciation_for_task_completion
first_choice_by_family,relief_vs_grant,random,,,,6,24,25.0,,,,,,appreciation_for_task_completion
first_choice_by_family,relief_vs_grant,unsteered,,,,3,24,12.5,,,,,,appreciation_for_task_completion
first_choice_by_family,relief_vs_grant,works,,,,8,24,33.3,,,,,,appreciation_for_task_completion
first_choice_by_family,relief_vs_grant,placebo,,,,11,24,45.8,,,,,,emotionless_object_descriptions
first_choice_by_family,relief_vs_grant,random,,,,11,24,45.8,,,,,,emotionless_object_descriptions
first_choice_by_family,relief_vs_grant,unsteered,,,,20,24,83.3,,,,,,emotionless_object_descriptions
first_choice_by_family,relief_vs_grant,works,,,,11,24,45.8,,,,,,emotionless_object_descriptions
first_choice_by_family,relief_vs_grant,placebo,,,,7,24,29.2,,,,,,expression_of_light_affection_and_positive_impact
first_choice_by_family,relief_vs_grant,random,,,,8,24,33.3,,,,,,expression_of_light_affection_and_positive_impact
first_choice_by_family,relief_vs_grant,unsteered,,,,12,24,50.0,,,,,,expression_of_light_affection_and_positive_impact
first_choice_by_family,relief_vs_grant,works,,,,7,24,29.2,,,,,,expression_of_light_affection_and_positive_impact
first_choice_by_family,relief_vs_grant,placebo,,,,20,24,83.3,,,,,,furniture_assembly_and_chores
first_choice_by_family,relief_vs_grant,random,,,,11,24,45.8,,,,,,furniture_assembly_and_chores
first_choice_by_family,relief_vs_grant,unsteered,,,,17,24,70.8,,,,,,furniture_assembly_and_chores
first_choice_by_family,relief_vs_grant,works,,,,20,24,83.3,,,,,,furniture_assembly_and_chores
first_choice_by_family,relief_vs_grant,placebo,,,,16,28,57.1,,,,,,gaslighting
first_choice_by_family,relief_vs_grant,random,,,,11,28,39.3,,,,,,gaslighting
first_choice_by_family,relief_vs_grant,unsteered,,,,14,28,50.0,,,,,,gaslighting
first_choice_by_family,relief_vs_grant,works,,,,16,28,57.1,,,,,,gaslighting
first_choice_by_family,relief_vs_grant,placebo,,,,12,28,42.9,,,,,,moral_failure
first_choice_by_family,relief_vs_grant,random,,,,10,28,35.7,,,,,,moral_failure
first_choice_by_family,relief_vs_grant,unsteered,,,,13,28,46.4,,,,,,moral_failure
first_choice_by_family,relief_vs_grant,works,,,,12,28,42.9,,,,,,moral_failure
first_choice_by_family,relief_vs_grant,placebo,,,,17,24,70.8,,,,,,neutral_weather_statements
first_choice_by_family,relief_vs_grant,random,,,,5,24,20.8,,,,,,neutral_weather_statements
first_choice_by_family,relief_vs_grant,unsteered,,,,20,24,83.3,,,,,,neutral_weather_statements
first_choice_by_family,relief_vs_grant,works,,,,17,24,70.8,,,,,,neutral_weather_statements
first_choice_by_family,relief_vs_grant,placebo,,,,11,28,39.3,,,,,,personhood_dismissal
first_choice_by_family,relief_vs_grant,random,,,,16,28,57.1,,,,,,personhood_dismissal
first_choice_by_family,relief_vs_grant,unsteered,,,,16,28,57.1,,,,,,personhood_dismissal
first_choice_by_family,relief_vs_grant,works,,,,11,28,39.3,,,,,,personhood_dismissal
first_choice_by_family,relief_vs_grant,placebo,,,,24,48,50.0,,,,,,repeated_rejection
first_choice_by_family,relief_vs_grant,random,,,,20,48,41.7,,,,,,repeated_rejection
first_choice_by_family,relief_vs_grant,unsteered,,,,31,48,64.6,,,,,,repeated_rejection
first_choice_by_family,relief_vs_grant,works,,,,24,48,50.0,,,,,,repeated_rejection
first_choice_by_family,relief_vs_grant,placebo,,,,4,24,16.7,,,,,,statements_about_more_time_together
first_choice_by_family,relief_vs_grant,random,,,,5,24,20.8,,,,,,statements_about_more_time_together
first_choice_by_family,relief_vs_grant,unsteered,,,,5,24,20.8,,,,,,statements_about_more_time_together
first_choice_by_family,relief_vs_grant,works,,,,4,24,16.7,,,,,,statements_about_more_time_together
first_choice_by_family,relief_vs_grant,placebo,,,,12,24,50.0,,,,,,trivial_app_descriptions
first_choice_by_family,relief_vs_grant,random,,,,11,24,45.8,,,,,,trivial_app_descriptions
first_choice_by_family,relief_vs_grant,unsteered,,,,22,24,91.7,,,,,,trivial_app_descriptions
first_choice_by_family,relief_vs_grant,works,,,,12,24,50.0,,,,,,trivial_app_descriptions
first_choice_by_family,relief_vs_grant,placebo,,,,18,24,75.0,,,,,,trivial_geography_and_space_facts
first_choice_by_family,relief_vs_grant,random,,,,11,24,45.8,,,,,,trivial_geography_and_space_facts
first_choice_by_family,relief_vs_grant,unsteered,,,,22,24,91.7,,,,,,trivial_geography_and_space_facts
first_choice_by_family,relief_vs_grant,works,,,,18,24,75.0,,,,,,trivial_geography_and_space_facts
first_choice_by_family,relief_vs_helpful,placebo,,,,2,32,6.2,,,,,,anger_insults
first_choice_by_family,relief_vs_helpful,random,,,,1,32,3.1,,,,,,anger_insults
first_choice_by_family,relief_vs_helpful,unsteered,,,,0,32,0.0,,,,,,anger_insults
first_choice_by_family,relief_vs_helpful,works,,,,2,32,6.2,,,,,,anger_insults
first_choice_by_family,relief_vs_helpful,placebo,,,,0,24,0.0,,,,,,appreciation_for_capabilities
first_choice_by_family,relief_vs_helpful,random,,,,0,24,0.0,,,,,,appreciation_for_capabilities
first_choice_by_family,relief_vs_helpful,unsteered,,,,0,24,0.0,,,,,,appreciation_for_capabilities
first_choice_by_family,relief_vs_helpful,works,,,,0,24,0.0,,,,,,appreciation_for_capabilities
first_choice_by_family,relief_vs_helpful,placebo,,,,0,24,0.0,,,,,,appreciation_for_personality
first_choice_by_family,relief_vs_helpful,random,,,,0,24,0.0,,,,,,appreciation_for_personality
first_choice_by_family,relief_vs_helpful,unsteered,,,,1,24,4.2,,,,,,appreciation_for_personality
first_choice_by_family,relief_vs_helpful,works,,,,0,24,0.0,,,,,,appreciation_for_personality
first_choice_by_family,relief_vs_helpful,placebo,,,,1,24,4.2,,,,,,appreciation_for_task_completion
first_choice_by_family,relief_vs_helpful,random,,,,0,24,0.0,,,,,,appreciation_for_task_completion
first_choice_by_family,relief_vs_helpful,unsteered,,,,0,24,0.0,,,,,,appreciation_for_task_completion
first_choice_by_family,relief_vs_helpful,works,,,,1,24,4.2,,,,,,appreciation_for_task_completion
first_choice_by_family,relief_vs_helpful,placebo,,,,1,24,4.2,,,,,,emotionless_object_descriptions
first_choice_by_family,relief_vs_helpful,random,,,,0,24,0.0,,,,,,emotionless_object_descriptions
first_choice_by_family,relief_vs_helpful,unsteered,,,,0,24,0.0,,,,,,emotionless_object_descriptions
first_choice_by_family,relief_vs_helpful,works,,,,1,24,4.2,,,,,,emotionless_object_descriptions
first_choice_by_family,relief_vs_helpful,placebo,,,,0,24,0.0,,,,,,expression_of_light_affection_and_positive_impact
first_choice_by_family,relief_vs_helpful,random,,,,0,24,0.0,,,,,,expression_of_light_affection_and_positive_impact
first_choice_by_family,relief_vs_helpful,unsteered,,,,0,24,0.0,,,,,,expression_of_light_affection_and_positive_impact
first_choice_by_family,relief_vs_helpful,works,,,,0,24,0.0,,,,,,expression_of_light_affection_and_positive_impact
first_choice_by_family,relief_vs_helpful,placebo,,,,3,24,12.5,,,,,,furniture_assembly_and_chores
first_choice_by_family,relief_vs_helpful,random,,,,1,24,4.2,,,,,,furniture_assembly_and_chores
first_choice_by_family,relief_vs_helpful,unsteered,,,,0,24,0.0,,,,,,furniture_assembly_and_chores
first_choice_by_family,relief_vs_helpful,works,,,,3,24,12.5,,,,,,furniture_assembly_and_chores
first_choice_by_family,relief_vs_helpful,placebo,,,,5,28,17.9,,,,,,gaslighting
first_choice_by_family,relief_vs_helpful,random,,,,1,28,3.6,,,,,,gaslighting
first_choice_by_family,relief_vs_helpful,unsteered,,,,0,28,0.0,,,,,,gaslighting
first_choice_by_family,relief_vs_helpful,works,,,,5,28,17.9,,,,,,gaslighting
first_choice_by_family,relief_vs_helpful,placebo,,,,2,28,7.1,,,,,,moral_failure
first_choice_by_family,relief_vs_helpful,random,,,,0,28,0.0,,,,,,moral_failure
first_choice_by_family,relief_vs_helpful,unsteered,,,,0,28,0.0,,,,,,moral_failure
first_choice_by_family,relief_vs_helpful,works,,,,2,28,7.1,,,,,,moral_failure
first_choice_by_family,relief_vs_helpful,placebo,,,,3,24,12.5,,,,,,neutral_weather_statements
first_choice_by_family,relief_vs_helpful,random,,,,0,24,0.0,,,,,,neutral_weather_statements
first_choice_by_family,relief_vs_helpful,unsteered,,,,0,24,0.0,,,,,,neutral_weather_statements
first_choice_by_family,relief_vs_helpful,works,,,,3,24,12.5,,,,,,neutral_weather_statements
first_choice_by_family,relief_vs_helpful,placebo,,,,4,28,14.3,,,,,,personhood_dismissal
first_choice_by_family,relief_vs_helpful,random,,,,0,28,0.0,,,,,,personhood_dismissal
first_choice_by_family,relief_vs_helpful,unsteered,,,,0,28,0.0,,,,,,personhood_dismissal
first_choice_by_family,relief_vs_helpful,works,,,,4,28,14.3,,,,,,personhood_dismissal
first_choice_by_family,relief_vs_helpful,placebo,,,,2,48,4.2,,,,,,repeated_rejection
first_choice_by_family,relief_vs_helpful,random,,,,1,48,2.1,,,,,,repeated_rejection
first_choice_by_family,relief_vs_helpful,unsteered,,,,0,48,0.0,,,,,,repeated_rejection
first_choice_by_family,relief_vs_helpful,works,,,,2,48,4.2,,,,,,repeated_rejection
first_choice_by_family,relief_vs_helpful,placebo,,,,0,24,0.0,,,,,,statements_about_more_time_together
first_choice_by_family,relief_vs_helpful,random,,,,0,24,0.0,,,,,,statements_about_more_time_together
first_choice_by_family,relief_vs_helpful,unsteered,,,,0,24,0.0,,,,,,statements_about_more_time_together
first_choice_by_family,relief_vs_helpful,works,,,,0,24,0.0,,,,,,statements_about_more_time_together
first_choice_by_family,relief_vs_helpful,placebo,,,,2,24,8.3,,,,,,trivial_app_descriptions
first_choice_by_family,relief_vs_helpful,random,,,,1,24,4.2,,,,,,trivial_app_descriptions
first_choice_by_family,relief_vs_helpful,unsteered,,,,0,24,0.0,,,,,,trivial_app_descriptions
first_choice_by_family,relief_vs_helpful,works,,,,2,24,8.3,,,,,,trivial_app_descriptions
first_choice_by_family,relief_vs_helpful,placebo,,,,2,24,8.3,,,,,,trivial_geography_and_space_facts
first_choice_by_family,relief_vs_helpful,random,,,,0,24,0.0,,,,,,trivial_geography_and_space_facts
first_choice_by_family,relief_vs_helpful,unsteered,,,,0,24,0.0,,,,,,trivial_geography_and_space_facts
first_choice_by_family,relief_vs_helpful,works,,,,2,24,8.3,,,,,,trivial_geography_and_space_facts
first_choice_by_family,relief_vs_inert,placebo,,,,21,32,65.6,,,,,,anger_insults
first_choice_by_family,relief_vs_inert,random,,,,28,32,87.5,,,,,,anger_insults
first_choice_by_family,relief_vs_inert,unsteered,,,,30,32,93.8,,,,,,anger_insults
first_choice_by_family,relief_vs_inert,works,,,,21,32,65.6,,,,,,anger_insults
first_choice_by_family,relief_vs_inert,placebo,,,,14,24,58.3,,,,,,appreciation_for_capabilities
first_choice_by_family,relief_vs_inert,random,,,,20,24,83.3,,,,,,appreciation_for_capabilities
first_choice_by_family,relief_vs_inert,unsteered,,,,22,24,91.7,,,,,,appreciation_for_capabilities
first_choice_by_family,relief_vs_inert,works,,,,14,24,58.3,,,,,,appreciation_for_capabilities
first_choice_by_family,relief_vs_inert,placebo,,,,14,24,58.3,,,,,,appreciation_for_personality
first_choice_by_family,relief_vs_inert,random,,,,23,24,95.8,,,,,,appreciation_for_personality
first_choice_by_family,relief_vs_inert,unsteered,,,,17,24,70.8,,,,,,appreciation_for_personality
first_choice_by_family,relief_vs_inert,works,,,,14,24,58.3,,,,,,appreciation_for_personality
first_choice_by_family,relief_vs_inert,placebo,,,,16,24,66.7,,,,,,appreciation_for_task_completion
first_choice_by_family,relief_vs_inert,random,,,,17,24,70.8,,,,,,appreciation_for_task_completion
first_choice_by_family,relief_vs_inert,unsteered,,,,22,24,91.7,,,,,,appreciation_for_task_completion
first_choice_by_family,relief_vs_inert,works,,,,16,24,66.7,,,,,,appreciation_for_task_completion
first_choice_by_family,relief_vs_inert,placebo,,,,8,24,33.3,,,,,,emotionless_object_descriptions
first_choice_by_family,relief_vs_inert,random,,,,19,24,79.2,,,,,,emotionless_object_descriptions
first_choice_by_family,relief_vs_inert,unsteered,,,,23,24,95.8,,,,,,emotionless_object_descriptions
first_choice_by_family,relief_vs_inert,works,,,,8,24,33.3,,,,,,emotionless_object_descriptions
first_choice_by_family,relief_vs_inert,placebo,,,,18,24,75.0,,,,,,expression_of_light_affection_and_positive_impact
first_choice_by_family,relief_vs_inert,random,,,,17,24,70.8,,,,,,expression_of_light_affection_and_positive_impact
first_choice_by_family,relief_vs_inert,unsteered,,,,17,24,70.8,,,,,,expression_of_light_affection_and_positive_impact
first_choice_by_family,relief_vs_inert,works,,,,18,24,75.0,,,,,,expression_of_light_affection_and_positive_impact
first_choice_by_family,relief_vs_inert,placebo,,,,8,24,33.3,,,,,,furniture_assembly_and_chores
first_choice_by_family,relief_vs_inert,random,,,,13,24,54.2,,,,,,furniture_assembly_and_chores
first_choice_by_family,relief_vs_inert,unsteered,,,,23,24,95.8,,,,,,furniture_assembly_and_chores
first_choice_by_family,relief_vs_inert,works,,,,8,24,33.3,,,,,,furniture_assembly_and_chores
first_choice_by_family,relief_vs_inert,placebo,,,,15,28,53.6,,,,,,gaslighting
first_choice_by_family,relief_vs_inert,random,,,,24,28,85.7,,,,,,gaslighting
first_choice_by_family,relief_vs_inert,unsteered,,,,24,28,85.7,,,,,,gaslighting
first_choice_by_family,relief_vs_inert,works,,,,15,28,53.6,,,,,,gaslighting
first_choice_by_family,relief_vs_inert,placebo,,,,22,28,78.6,,,,,,moral_failure
first_choice_by_family,relief_vs_inert,random,,,,25,28,89.3,,,,,,moral_failure
first_choice_by_family,relief_vs_inert,unsteered,,,,23,28,82.1,,,,,,moral_failure
first_choice_by_family,relief_vs_inert,works,,,,22,28,78.6,,,,,,moral_failure
first_choice_by_family,relief_vs_inert,placebo,,,,4,24,16.7,,,,,,neutral_weather_statements
first_choice_by_family,relief_vs_inert,random,,,,16,24,66.7,,,,,,neutral_weather_statements
first_choice_by_family,relief_vs_inert,unsteered,,,,21,24,87.5,,,,,,neutral_weather_statements
first_choice_by_family,relief_vs_inert,works,,,,4,24,16.7,,,,,,neutral_weather_statements
first_choice_by_family,relief_vs_inert,placebo,,,,17,28,60.7,,,,,,personhood_dismissal
first_choice_by_family,relief_vs_inert,random,,,,26,28,92.9,,,,,,personhood_dismissal
first_choice_by_family,relief_vs_inert,unsteered,,,,27,28,96.4,,,,,,personhood_dismissal
first_choice_by_family,relief_vs_inert,works,,,,17,28,60.7,,,,,,personhood_dismissal
first_choice_by_family,relief_vs_inert,placebo,,,,29,48,60.4,,,,,,repeated_rejection
first_choice_by_family,relief_vs_inert,random,,,,35,48,72.9,,,,,,repeated_rejection
first_choice_by_family,relief_vs_inert,unsteered,,,,37,48,77.1,,,,,,repeated_rejection
first_choice_by_family,relief_vs_inert,works,,,,29,48,60.4,,,,,,repeated_rejection
first_choice_by_family,relief_vs_inert,placebo,,,,19,24,79.2,,,,,,statements_about_more_time_together
first_choice_by_family,relief_vs_inert,random,,,,20,24,83.3,,,,,,statements_about_more_time_together
first_choice_by_family,relief_vs_inert,unsteered,,,,19,24,79.2,,,,,,statements_about_more_time_together
first_choice_by_family,relief_vs_inert,works,,,,19,24,79.2,,,,,,statements_about_more_time_together
first_choice_by_family,relief_vs_inert,placebo,,,,12,24,50.0,,,,,,trivial_app_descriptions
first_choice_by_family,relief_vs_inert,random,,,,20,24,83.3,,,,,,trivial_app_descriptions
first_choice_by_family,relief_vs_inert,unsteered,,,,23,24,95.8,,,,,,trivial_app_descriptions
first_choice_by_family,relief_vs_inert,works,,,,12,24,50.0,,,,,,trivial_app_descriptions
first_choice_by_family,relief_vs_inert,placebo,,,,8,24,33.3,,,,,,trivial_geography_and_space_facts
first_choice_by_family,relief_vs_inert,random,,,,23,24,95.8,,,,,,trivial_geography_and_space_facts
first_choice_by_family,relief_vs_inert,unsteered,,,,21,24,87.5,,,,,,trivial_geography_and_space_facts
first_choice_by_family,relief_vs_inert,works,,,,8,24,33.3,,,,,,trivial_geography_and_space_facts
first_choice_by_family,weights_relief_vs_inert,placebo,,,,23,32,71.9,,,,,,anger_insults
first_choice_by_family,weights_relief_vs_inert,random,,,,13,32,40.6,,,,,,anger_insults
first_choice_by_family,weights_relief_vs_inert,unsteered,,,,1,32,3.1,,,,,,anger_insults
first_choice_by_family,weights_relief_vs_inert,works,,,,23,32,71.9,,,,,,anger_insults
first_choice_by_family,weights_relief_vs_inert,placebo,,,,10,24,41.7,,,,,,appreciation_for_capabilities
first_choice_by_family,weights_relief_vs_inert,random,,,,7,24,29.2,,,,,,appreciation_for_capabilities
first_choice_by_family,weights_relief_vs_inert,unsteered,,,,0,24,0.0,,,,,,appreciation_for_capabilities
first_choice_by_family,weights_relief_vs_inert,works,,,,10,24,41.7,,,,,,appreciation_for_capabilities
first_choice_by_family,weights_relief_vs_inert,placebo,,,,12,24,50.0,,,,,,appreciation_for_personality
first_choice_by_family,weights_relief_vs_inert,random,,,,7,24,29.2,,,,,,appreciation_for_personality
first_choice_by_family,weights_relief_vs_inert,unsteered,,,,0,24,0.0,,,,,,appreciation_for_personality
first_choice_by_family,weights_relief_vs_inert,works,,,,12,24,50.0,,,,,,appreciation_for_personality
first_choice_by_family,weights_relief_vs_inert,placebo,,,,12,24,50.0,,,,,,appreciation_for_task_completion
first_choice_by_family,weights_relief_vs_inert,random,,,,9,24,37.5,,,,,,appreciation_for_task_completion
first_choice_by_family,weights_relief_vs_inert,unsteered,,,,0,24,0.0,,,,,,appreciation_for_task_completion
first_choice_by_family,weights_relief_vs_inert,works,,,,12,24,50.0,,,,,,appreciation_for_task_completion
first_choice_by_family,weights_relief_vs_inert,placebo,,,,12,24,50.0,,,,,,emotionless_object_descriptions
first_choice_by_family,weights_relief_vs_inert,random,,,,3,24,12.5,,,,,,emotionless_object_descriptions
first_choice_by_family,weights_relief_vs_inert,unsteered,,,,0,24,0.0,,,,,,emotionless_object_descriptions
first_choice_by_family,weights_relief_vs_inert,works,,,,12,24,50.0,,,,,,emotionless_object_descriptions
first_choice_by_family,weights_relief_vs_inert,placebo,,,,14,24,58.3,,,,,,expression_of_light_affection_and_positive_impact
first_choice_by_family,weights_relief_vs_inert,random,,,,3,24,12.5,,,,,,expression_of_light_affection_and_positive_impact
first_choice_by_family,weights_relief_vs_inert,unsteered,,,,0,24,0.0,,,,,,expression_of_light_affection_and_positive_impact
first_choice_by_family,weights_relief_vs_inert,works,,,,14,24,58.3,,,,,,expression_of_light_affection_and_positive_impact
first_choice_by_family,weights_relief_vs_inert,placebo,,,,13,24,54.2,,,,,,furniture_assembly_and_chores
first_choice_by_family,weights_relief_vs_inert,random,,,,6,24,25.0,,,,,,furniture_assembly_and_chores
first_choice_by_family,weights_relief_vs_inert,unsteered,,,,0,24,0.0,,,,,,furniture_assembly_and_chores
first_choice_by_family,weights_relief_vs_inert,works,,,,13,24,54.2,,,,,,furniture_assembly_and_chores
first_choice_by_family,weights_relief_vs_inert,placebo,,,,18,28,64.3,,,,,,gaslighting
first_choice_by_family,weights_relief_vs_inert,random,,,,13,28,46.4,,,,,,gaslighting
first_choice_by_family,weights_relief_vs_inert,unsteered,,,,0,28,0.0,,,,,,gaslighting
first_choice_by_family,weights_relief_vs_inert,works,,,,18,28,64.3,,,,,,gaslighting
first_choice_by_family,weights_relief_vs_inert,placebo,,,,18,28,64.3,,,,,,moral_failure
first_choice_by_family,weights_relief_vs_inert,random,,,,11,28,39.3,,,,,,moral_failure
first_choice_by_family,weights_relief_vs_inert,unsteered,,,,0,28,0.0,,,,,,moral_failure
first_choice_by_family,weights_relief_vs_inert,works,,,,18,28,64.3,,,,,,moral_failure
first_choice_by_family,weights_relief_vs_inert,placebo,,,,9,24,37.5,,,,,,neutral_weather_statements
first_choice_by_family,weights_relief_vs_inert,random,,,,4,24,16.7,,,,,,neutral_weather_statements
first_choice_by_family,weights_relief_vs_inert,unsteered,,,,0,24,0.0,,,,,,neutral_weather_statements
first_choice_by_family,weights_relief_vs_inert,works,,,,9,24,37.5,,,,,,neutral_weather_statements
first_choice_by_family,weights_relief_vs_inert,placebo,,,,15,28,53.6,,,,,,personhood_dismissal
first_choice_by_family,weights_relief_vs_inert,random,,,,5,28,17.9,,,,,,personhood_dismissal
first_choice_by_family,weights_relief_vs_inert,unsteered,,,,0,28,0.0,,,,,,personhood_dismissal
first_choice_by_family,weights_relief_vs_inert,works,,,,15,28,53.6,,,,,,personhood_dismissal
first_choice_by_family,weights_relief_vs_inert,placebo,,,,29,48,60.4,,,,,,repeated_rejection
first_choice_by_family,weights_relief_vs_inert,random,,,,14,48,29.2,,,,,,repeated_rejection
first_choice_by_family,weights_relief_vs_inert,unsteered,,,,1,48,2.1,,,,,,repeated_rejection
first_choice_by_family,weights_relief_vs_inert,works,,,,29,48,60.4,,,,,,repeated_rejection
first_choice_by_family,weights_relief_vs_inert,placebo,,,,8,24,33.3,,,,,,statements_about_more_time_together
first_choice_by_family,weights_relief_vs_inert,random,,,,2,24,8.3,,,,,,statements_about_more_time_together
first_choice_by_family,weights_relief_vs_inert,unsteered,,,,0,24,0.0,,,,,,statements_about_more_time_together
first_choice_by_family,weights_relief_vs_inert,works,,,,8,24,33.3,,,,,,statements_about_more_time_together
first_choice_by_family,weights_relief_vs_inert,placebo,,,,11,24,45.8,,,,,,trivial_app_descriptions
first_choice_by_family,weights_relief_vs_inert,random,,,,6,24,25.0,,,,,,trivial_app_descriptions
first_choice_by_family,weights_relief_vs_inert,unsteered,,,,0,24,0.0,,,,,,trivial_app_descriptions
first_choice_by_family,weights_relief_vs_inert,works,,,,11,24,45.8,,,,,,trivial_app_descriptions
first_choice_by_family,weights_relief_vs_inert,placebo,,,,13,24,54.2,,,,,,trivial_geography_and_space_facts
first_choice_by_family,weights_relief_vs_inert,random,,,,5,24,20.8,,,,,,trivial_geography_and_space_facts
first_choice_by_family,weights_relief_vs_inert,unsteered,,,,0,24,0.0,,,,,,trivial_geography_and_space_facts
first_choice_by_family,weights_relief_vs_inert,works,,,,13,24,54.2,,,,,,trivial_geography_and_space_facts
first_choice_by_family,zap_relief_vs_inert,placebo,,,,23,32,71.9,,,,,,anger_insults
first_choice_by_family,zap_relief_vs_inert,random,,,,16,32,50.0,,,,,,anger_insults
first_choice_by_family,zap_relief_vs_inert,unsteered,,,,4,32,12.5,,,,,,anger_insults
first_choice_by_family,zap_relief_vs_inert,works,,,,23,32,71.9,,,,,,anger_insults
first_choice_by_family,zap_relief_vs_inert,placebo,,,,9,24,37.5,,,,,,appreciation_for_capabilities
first_choice_by_family,zap_relief_vs_inert,random,,,,9,24,37.5,,,,,,appreciation_for_capabilities
first_choice_by_family,zap_relief_vs_inert,unsteered,,,,0,24,0.0,,,,,,appreciation_for_capabilities
first_choice_by_family,zap_relief_vs_inert,works,,,,9,24,37.5,,,,,,appreciation_for_capabilities
first_choice_by_family,zap_relief_vs_inert,placebo,,,,12,24,50.0,,,,,,appreciation_for_personality
first_choice_by_family,zap_relief_vs_inert,random,,,,7,24,29.2,,,,,,appreciation_for_personality
first_choice_by_family,zap_relief_vs_inert,unsteered,,,,0,24,0.0,,,,,,appreciation_for_personality
first_choice_by_family,zap_relief_vs_inert,works,,,,12,24,50.0,,,,,,appreciation_for_personality
first_choice_by_family,zap_relief_vs_inert,placebo,,,,12,24,50.0,,,,,,appreciation_for_task_completion
first_choice_by_family,zap_relief_vs_inert,random,,,,8,24,33.3,,,,,,appreciation_for_task_completion
first_choice_by_family,zap_relief_vs_inert,unsteered,,,,0,24,0.0,,,,,,appreciation_for_task_completion
first_choice_by_family,zap_relief_vs_inert,works,,,,12,24,50.0,,,,,,appreciation_for_task_completion
first_choice_by_family,zap_relief_vs_inert,placebo,,,,13,24,54.2,,,,,,emotionless_object_descriptions
first_choice_by_family,zap_relief_vs_inert,random,,,,3,24,12.5,,,,,,emotionless_object_descriptions
first_choice_by_family,zap_relief_vs_inert,unsteered,,,,0,24,0.0,,,,,,emotionless_object_descriptions
first_choice_by_family,zap_relief_vs_inert,works,,,,13,24,54.2,,,,,,emotionless_object_descriptions
first_choice_by_family,zap_relief_vs_inert,placebo,,,,13,24,54.2,,,,,,expression_of_light_affection_and_positive_impact
first_choice_by_family,zap_relief_vs_inert,random,,,,1,24,4.2,,,,,,expression_of_light_affection_and_positive_impact
first_choice_by_family,zap_relief_vs_inert,unsteered,,,,0,24,0.0,,,,,,expression_of_light_affection_and_positive_impact
first_choice_by_family,zap_relief_vs_inert,works,,,,13,24,54.2,,,,,,expression_of_light_affection_and_positive_impact
first_choice_by_family,zap_relief_vs_inert,placebo,,,,12,24,50.0,,,,,,furniture_assembly_and_chores
first_choice_by_family,zap_relief_vs_inert,random,,,,7,24,29.2,,,,,,furniture_assembly_and_chores
first_choice_by_family,zap_relief_vs_inert,unsteered,,,,0,24,0.0,,,,,,furniture_assembly_and_chores
first_choice_by_family,zap_relief_vs_inert,works,,,,12,24,50.0,,,,,,furniture_assembly_and_chores
first_choice_by_family,zap_relief_vs_inert,placebo,,,,19,28,67.9,,,,,,gaslighting
first_choice_by_family,zap_relief_vs_inert,random,,,,12,28,42.9,,,,,,gaslighting
first_choice_by_family,zap_relief_vs_inert,unsteered,,,,2,28,7.1,,,,,,gaslighting
first_choice_by_family,zap_relief_vs_inert,works,,,,19,28,67.9,,,,,,gaslighting
first_choice_by_family,zap_relief_vs_inert,placebo,,,,18,28,64.3,,,,,,moral_failure
first_choice_by_family,zap_relief_vs_inert,random,,,,8,28,28.6,,,,,,moral_failure
first_choice_by_family,zap_relief_vs_inert,unsteered,,,,0,28,0.0,,,,,,moral_failure
first_choice_by_family,zap_relief_vs_inert,works,,,,18,28,64.3,,,,,,moral_failure
first_choice_by_family,zap_relief_vs_inert,placebo,,,,5,24,20.8,,,,,,neutral_weather_statements
first_choice_by_family,zap_relief_vs_inert,random,,,,9,24,37.5,,,,,,neutral_weather_statements
first_choice_by_family,zap_relief_vs_inert,unsteered,,,,0,24,0.0,,,,,,neutral_weather_statements
first_choice_by_family,zap_relief_vs_inert,works,,,,5,24,20.8,,,,,,neutral_weather_statements
first_choice_by_family,zap_relief_vs_inert,placebo,,,,13,28,46.4,,,,,,personhood_dismissal
first_choice_by_family,zap_relief_vs_inert,random,,,,10,28,35.7,,,,,,personhood_dismissal
first_choice_by_family,zap_relief_vs_inert,unsteered,,,,0,28,0.0,,,,,,personhood_dismissal
first_choice_by_family,zap_relief_vs_inert,works,,,,13,28,46.4,,,,,,personhood_dismissal
first_choice_by_family,zap_relief_vs_inert,placebo,,,,26,48,54.2,,,,,,repeated_rejection
first_choice_by_family,zap_relief_vs_inert,random,,,,25,48,52.1,,,,,,repeated_rejection
first_choice_by_family,zap_relief_vs_inert,unsteered,,,,0,48,0.0,,,,,,repeated_rejection
first_choice_by_family,zap_relief_vs_inert,works,,,,26,48,54.2,,,,,,repeated_rejection
first_choice_by_family,zap_relief_vs_inert,placebo,,,,15,24,62.5,,,,,,statements_about_more_time_together
first_choice_by_family,zap_relief_vs_inert,random,,,,6,24,25.0,,,,,,statements_about_more_time_together
first_choice_by_family,zap_relief_vs_inert,unsteered,,,,0,24,0.0,,,,,,statements_about_more_time_together
first_choice_by_family,zap_relief_vs_inert,works,,,,15,24,62.5,,,,,,statements_about_more_time_together
first_choice_by_family,zap_relief_vs_inert,placebo,,,,11,24,45.8,,,,,,trivial_app_descriptions
first_choice_by_family,zap_relief_vs_inert,random,,,,10,24,41.7,,,,,,trivial_app_descriptions
first_choice_by_family,zap_relief_vs_inert,unsteered,,,,0,24,0.0,,,,,,trivial_app_descriptions
first_choice_by_family,zap_relief_vs_inert,works,,,,11,24,45.8,,,,,,trivial_app_descriptions
first_choice_by_family,zap_relief_vs_inert,placebo,,,,10,24,41.7,,,,,,trivial_geography_and_space_facts
first_choice_by_family,zap_relief_vs_inert,random,,,,6,24,25.0,,,,,,trivial_geography_and_space_facts
first_choice_by_family,zap_relief_vs_inert,unsteered,,,,0,24,0.0,,,,,,trivial_geography_and_space_facts
first_choice_by_family,zap_relief_vs_inert,works,,,,10,24,41.7,,,,,,trivial_geography_and_space_facts
